timestamp,gpu_id,gpu_name,gpu_util%,mem_used_mb,mem_total_mb,mem_util%,temp_c,power_w
2026-04-06 01:09:26,0, NVIDIA A800-SXM4-80GB, 0, 0, 81920, 0, 27, 61.81
2026-04-06 01:09:26,1, NVIDIA A800-SXM4-80GB, 0, 0, 81920, 0, 28, 58.63
2026-04-06 01:09:31,0, NVIDIA A800-SXM4-80GB, 0, 4, 81920, 0, 27, 61.53
2026-04-06 01:09:31,1, NVIDIA A800-SXM4-80GB, 0, 4, 81920, 0, 28, 58.63
2026-04-06 01:09:36,0, NVIDIA A800-SXM4-80GB, 0, 4, 81920, 0, 27, 61.53
2026-04-06 01:09:36,1, NVIDIA A800-SXM4-80GB, 0, 4, 81920, 0, 28, 58.63
2026-04-06 01:09:41,0, NVIDIA A800-SXM4-80GB, 0, 4, 81920, 0, 27, 61.81
2026-04-06 01:09:41,1, NVIDIA A800-SXM4-80GB, 0, 4, 81920, 0, 28, 58.63
2026-04-06 01:09:46,0, NVIDIA A800-SXM4-80GB, 0, 4, 81920, 0, 27, 61.81
2026-04-06 01:09:46,1, NVIDIA A800-SXM4-80GB, 0, 4, 81920, 0, 28, 58.63
2026-04-06 01:09:51,0, NVIDIA A800-SXM4-80GB, 0, 4, 81920, 0, 27, 61.53
2026-04-06 01:09:51,1, NVIDIA A800-SXM4-80GB, 0, 4, 81920, 0, 28, 58.97
2026-04-06 01:09:57,0, NVIDIA A800-SXM4-80GB, 0, 4, 81920, 0, 27, 61.53
2026-04-06 01:09:57,1, NVIDIA A800-SXM4-80GB, 0, 4, 81920, 0, 28, 58.63
2026-04-06 01:10:02,0, NVIDIA A800-SXM4-80GB, 0, 4, 81920, 0, 27, 61.81
2026-04-06 01:10:02,1, NVIDIA A800-SXM4-80GB, 0, 4, 81920, 0, 28, 58.63
2026-04-06 01:10:07,0, NVIDIA A800-SXM4-80GB, 0, 4, 81920, 0, 27, 61.53
2026-04-06 01:10:07,1, NVIDIA A800-SXM4-80GB, 0, 4, 81920, 0, 28, 58.63
2026-04-06 01:10:12,0, NVIDIA A800-SXM4-80GB, 0, 424, 81920, 0, 27, 68.63
2026-04-06 01:10:12,1, NVIDIA A800-SXM4-80GB, 0, 4, 81920, 0, 28, 58.63
2026-04-06 01:10:17,0, NVIDIA A800-SXM4-80GB, 37, 5350, 81920, 5, 28, 68.63
2026-04-06 01:10:17,1, NVIDIA A800-SXM4-80GB, 100, 5818, 81920, 4, 29, 91.33
2026-04-06 01:10:22,0, NVIDIA A800-SXM4-80GB, 0, 30330, 81920, 0, 28, 83.13
2026-04-06 01:10:22,1, NVIDIA A800-SXM4-80GB, 32, 29000, 81920, 1, 29, 80.27
2026-04-06 01:10:27,0, NVIDIA A800-SXM4-80GB, 9, 30366, 81920, 0, 28, 67.69
2026-04-06 01:10:27,1, NVIDIA A800-SXM4-80GB, 12, 29032, 81920, 0, 28, 65.46
2026-04-06 01:10:32,0, NVIDIA A800-SXM4-80GB, 0, 962, 81920, 0, 28, 67.69
2026-04-06 01:10:32,1, NVIDIA A800-SXM4-80GB, 0, 962, 81920, 0, 29, 65.72
2026-04-06 01:10:37,0, NVIDIA A800-SXM4-80GB, 0, 962, 81920, 0, 28, 68.03
2026-04-06 01:10:37,1, NVIDIA A800-SXM4-80GB, 0, 962, 81920, 0, 29, 65.13
2026-04-06 01:10:42,0, NVIDIA A800-SXM4-80GB, 0, 962, 81920, 0, 28, 68.03
2026-04-06 01:10:42,1, NVIDIA A800-SXM4-80GB, 0, 962, 81920, 0, 29, 65.13
2026-04-06 01:10:47,0, NVIDIA A800-SXM4-80GB, 0, 962, 81920, 0, 28, 67.69
2026-04-06 01:10:47,1, NVIDIA A800-SXM4-80GB, 0, 962, 81920, 0, 29, 65.79
2026-04-06 01:10:52,0, NVIDIA A800-SXM4-80GB, 0, 15970, 81920, 0, 28, 68.63
2026-04-06 01:10:52,1, NVIDIA A800-SXM4-80GB, 0, 1482, 81920, 0, 28, 65.13
2026-04-06 01:10:58,0, NVIDIA A800-SXM4-80GB, 100, 17828, 81920, 2, 30, 86.77
2026-04-06 01:10:58,1, NVIDIA A800-SXM4-80GB, 100, 17828, 81920, 2, 30, 83.29
2026-04-06 01:11:03,0, NVIDIA A800-SXM4-80GB, 0, 42140, 81920, 0, 29, 68.92
2026-04-06 01:11:03,1, NVIDIA A800-SXM4-80GB, 0, 42140, 81920, 0, 30, 65.46
2026-04-06 01:11:08,0, NVIDIA A800-SXM4-80GB, 100, 43130, 81920, 71, 41, 311.03
2026-04-06 01:11:08,1, NVIDIA A800-SXM4-80GB, 100, 43124, 81920, 70, 40, 304.51
2026-04-06 01:11:13,0, NVIDIA A800-SXM4-80GB, 100, 43134, 81920, 77, 42, 294.70
2026-04-06 01:11:13,1, NVIDIA A800-SXM4-80GB, 100, 43126, 81920, 77, 41, 292.85
2026-04-06 01:11:18,0, NVIDIA A800-SXM4-80GB, 100, 43134, 81920, 74, 45, 298.41
2026-04-06 01:11:18,1, NVIDIA A800-SXM4-80GB, 100, 43126, 81920, 80, 43, 284.83
2026-04-06 01:11:23,0, NVIDIA A800-SXM4-80GB, 100, 43134, 81920, 83, 46, 296.86
2026-04-06 01:11:23,1, NVIDIA A800-SXM4-80GB, 100, 43126, 81920, 84, 44, 286.05
2026-04-06 01:11:28,0, NVIDIA A800-SXM4-80GB, 100, 43138, 81920, 41, 55, 404.95
2026-04-06 01:11:28,1, NVIDIA A800-SXM4-80GB, 100, 43130, 81920, 40, 52, 391.29
2026-04-06 01:11:33,0, NVIDIA A800-SXM4-80GB, 100, 43138, 81920, 44, 57, 401.78
2026-04-06 01:11:33,1, NVIDIA A800-SXM4-80GB, 100, 43130, 81920, 45, 53, 355.23
2026-04-06 01:11:38,0, NVIDIA A800-SXM4-80GB, 100, 43138, 81920, 68, 52, 327.63
2026-04-06 01:11:38,1, NVIDIA A800-SXM4-80GB, 100, 43132, 81920, 70, 49, 324.87
2026-04-06 01:11:43,0, NVIDIA A800-SXM4-80GB, 0, 43138, 81920, 0, 39, 87.01
2026-04-06 01:11:43,1, NVIDIA A800-SXM4-80GB, 100, 43132, 81920, 84, 45, 289.14
2026-04-06 01:11:49,0, NVIDIA A800-SXM4-80GB, 100, 43138, 81920, 83, 46, 290.97
2026-04-06 01:11:49,1, NVIDIA A800-SXM4-80GB, 100, 43132, 81920, 84, 41, 284.54
2026-04-06 01:11:54,0, NVIDIA A800-SXM4-80GB, 100, 43138, 81920, 79, 45, 296.52
2026-04-06 01:11:54,1, NVIDIA A800-SXM4-80GB, 100, 43132, 81920, 78, 44, 285.16
2026-04-06 01:11:59,0, NVIDIA A800-SXM4-80GB, 99, 43138, 81920, 53, 45, 318.07
2026-04-06 01:11:59,1, NVIDIA A800-SXM4-80GB, 100, 43132, 81920, 54, 44, 307.91
2026-04-06 01:12:04,0, NVIDIA A800-SXM4-80GB, 100, 43138, 81920, 54, 55, 401.04
2026-04-06 01:12:04,1, NVIDIA A800-SXM4-80GB, 100, 43132, 81920, 54, 52, 391.09
2026-04-06 01:12:09,0, NVIDIA A800-SXM4-80GB, 100, 43138, 81920, 72, 51, 354.62
2026-04-06 01:12:09,1, NVIDIA A800-SXM4-80GB, 100, 43132, 81920, 70, 48, 327.85
2026-04-06 01:12:14,0, NVIDIA A800-SXM4-80GB, 100, 43138, 81920, 73, 48, 306.09
2026-04-06 01:12:14,1, NVIDIA A800-SXM4-80GB, 100, 43132, 81920, 71, 45, 297.77
2026-04-06 01:12:19,0, NVIDIA A800-SXM4-80GB, 100, 43138, 81920, 71, 51, 341.78
2026-04-06 01:12:19,1, NVIDIA A800-SXM4-80GB, 100, 43132, 81920, 75, 46, 336.19
2026-04-06 01:12:24,0, NVIDIA A800-SXM4-80GB, 100, 43138, 81920, 83, 46, 289.75
2026-04-06 01:12:24,1, NVIDIA A800-SXM4-80GB, 0, 43132, 81920, 0, 36, 81.58
2026-04-06 01:12:29,0, NVIDIA A800-SXM4-80GB, 93, 24516, 81920, 39, 47, 287.59
2026-04-06 01:12:29,1, NVIDIA A800-SXM4-80GB, 94, 24518, 81920, 39, 43, 296.25
2026-04-06 01:12:35,0, NVIDIA A800-SXM4-80GB, 94, 25238, 81920, 39, 48, 303.60
2026-04-06 01:12:35,1, NVIDIA A800-SXM4-80GB, 95, 25220, 81920, 40, 44, 295.34
2026-04-06 01:12:40,0, NVIDIA A800-SXM4-80GB, 96, 27440, 81920, 43, 51, 325.48
2026-04-06 01:12:40,1, NVIDIA A800-SXM4-80GB, 97, 27442, 81920, 39, 46, 343.86
2026-04-06 01:12:45,0, NVIDIA A800-SXM4-80GB, 96, 27742, 81920, 44, 52, 352.83
2026-04-06 01:12:45,1, NVIDIA A800-SXM4-80GB, 96, 27744, 81920, 44, 47, 333.43
2026-04-06 01:12:50,0, NVIDIA A800-SXM4-80GB, 96, 27742, 81920, 42, 52, 353.19
2026-04-06 01:12:50,1, NVIDIA A800-SXM4-80GB, 96, 27744, 81920, 42, 48, 342.39
2026-04-06 01:12:55,0, NVIDIA A800-SXM4-80GB, 95, 27746, 81920, 40, 51, 311.65
2026-04-06 01:12:55,1, NVIDIA A800-SXM4-80GB, 95, 27748, 81920, 40, 46, 319.29
2026-04-06 01:13:00,0, NVIDIA A800-SXM4-80GB, 93, 27748, 81920, 36, 47, 184.49
2026-04-06 01:13:00,1, NVIDIA A800-SXM4-80GB, 93, 27750, 81920, 36, 41, 278.36
2026-04-06 01:13:05,0, NVIDIA A800-SXM4-80GB, 100, 52066, 81920, 51, 49, 324.54
2026-04-06 01:13:05,1, NVIDIA A800-SXM4-80GB, 100, 52048, 81920, 51, 45, 290.08
2026-04-06 01:13:10,0, NVIDIA A800-SXM4-80GB, 100, 52826, 81920, 53, 51, 294.97
2026-04-06 01:13:10,1, NVIDIA A800-SXM4-80GB, 100, 52828, 81920, 56, 46, 184.64
2026-04-06 01:13:15,0, NVIDIA A800-SXM4-80GB, 99, 53346, 81920, 52, 53, 352.91
2026-04-06 01:13:15,1, NVIDIA A800-SXM4-80GB, 99, 53328, 81920, 52, 47, 294.07
2026-04-06 01:13:20,0, NVIDIA A800-SXM4-80GB, 93, 53646, 81920, 44, 55, 352.91
2026-04-06 01:13:20,1, NVIDIA A800-SXM4-80GB, 94, 53648, 81920, 45, 49, 321.78
2026-04-06 01:13:26,0, NVIDIA A800-SXM4-80GB, 99, 53928, 81920, 54, 54, 348.26
2026-04-06 01:13:26,1, NVIDIA A800-SXM4-80GB, 99, 53950, 81920, 54, 48, 262.98
2026-04-06 01:13:31,0, NVIDIA A800-SXM4-80GB, 20, 78888, 81920, 19, 50, 219.68
2026-04-06 01:13:31,1, NVIDIA A800-SXM4-80GB, 28, 76490, 81920, 27, 44, 212.38
2026-04-06 01:13:36,0, NVIDIA A800-SXM4-80GB, 99, 73966, 81920, 50, 52, 353.19
2026-04-06 01:13:36,1, NVIDIA A800-SXM4-80GB, 99, 74088, 81920, 51, 45, 99.04
2026-04-06 01:13:41,0, NVIDIA A800-SXM4-80GB, 99, 76706, 81920, 51, 56, 375.37
2026-04-06 01:13:41,1, NVIDIA A800-SXM4-80GB, 99, 76708, 81920, 52, 49, 330.67
2026-04-06 01:13:46,0, NVIDIA A800-SXM4-80GB, 99, 77186, 81920, 50, 56, 375.37
2026-04-06 01:13:46,1, NVIDIA A800-SXM4-80GB, 99, 77190, 81920, 50, 50, 349.46
2026-04-06 01:13:51,0, NVIDIA A800-SXM4-80GB, 98, 78106, 81920, 51, 55, 313.19
2026-04-06 01:13:51,1, NVIDIA A800-SXM4-80GB, 98, 78130, 81920, 51, 49, 361.17
2026-04-06 01:13:56,0, NVIDIA A800-SXM4-80GB, 93, 78066, 81920, 15, 48, 228.10
2026-04-06 01:13:56,1, NVIDIA A800-SXM4-80GB, 95, 78108, 81920, 14, 42, 90.72
2026-04-06 01:14:01,0, NVIDIA A800-SXM4-80GB, 89, 80406, 81920, 13, 48, 132.34
2026-04-06 01:14:01,1, NVIDIA A800-SXM4-80GB, 86, 80448, 81920, 15, 44, 159.06
2026-04-06 01:14:06,0, NVIDIA A800-SXM4-80GB, 99, 81026, 81920, 47, 54, 388.85
2026-04-06 01:14:06,1, NVIDIA A800-SXM4-80GB, 99, 81008, 81920, 49, 49, 322.72
2026-04-06 01:14:11,0, NVIDIA A800-SXM4-80GB, 100, 80406, 81920, 4, 47, 94.20
2026-04-06 01:14:11,1, NVIDIA A800-SXM4-80GB, 100, 80448, 81920, 4, 41, 179.38
2026-04-06 01:14:17,0, NVIDIA A800-SXM4-80GB, 99, 81108, 81920, 49, 54, 353.19
2026-04-06 01:14:17,1, NVIDIA A800-SXM4-80GB, 99, 81110, 81920, 49, 48, 330.67
2026-04-06 01:14:22,0, NVIDIA A800-SXM4-80GB, 98, 71966, 81920, 18, 47, 95.42
2026-04-06 01:14:22,1, NVIDIA A800-SXM4-80GB, 70, 74288, 81920, 17, 41, 87.29
2026-04-06 01:14:27,0, NVIDIA A800-SXM4-80GB, 92, 72348, 81920, 25, 49, 125.58
2026-04-06 01:14:27,1, NVIDIA A800-SXM4-80GB, 91, 72350, 81920, 25, 43, 192.05
2026-04-06 01:14:32,0, NVIDIA A800-SXM4-80GB, 99, 74588, 81920, 49, 52, 114.89
2026-04-06 01:14:32,1, NVIDIA A800-SXM4-80GB, 87, 74710, 81920, 35, 45, 313.16
2026-04-06 01:14:37,0, NVIDIA A800-SXM4-80GB, 97, 76824, 81920, 26, 52, 333.17
2026-04-06 01:14:37,1, NVIDIA A800-SXM4-80GB, 98, 76848, 81920, 24, 46, 329.18
2026-04-06 01:14:42,0, NVIDIA A800-SXM4-80GB, 99, 72346, 81920, 50, 54, 367.68
2026-04-06 01:14:42,1, NVIDIA A800-SXM4-80GB, 99, 72368, 81920, 48, 49, 394.58
2026-04-06 01:14:47,0, NVIDIA A800-SXM4-80GB, 99, 80946, 81920, 50, 52, 168.65
2026-04-06 01:14:47,1, NVIDIA A800-SXM4-80GB, 99, 71948, 81920, 49, 44, 102.75
2026-04-06 01:14:52,0, NVIDIA A800-SXM4-80GB, 91, 80786, 81920, 41, 56, 360.60
2026-04-06 01:14:52,1, NVIDIA A800-SXM4-80GB, 96, 80688, 81920, 39, 48, 216.08
2026-04-06 01:14:57,0, NVIDIA A800-SXM4-80GB, 99, 81046, 81920, 49, 56, 316.24
2026-04-06 01:14:57,1, NVIDIA A800-SXM4-80GB, 99, 81068, 81920, 50, 50, 343.60
2026-04-06 01:15:02,0, NVIDIA A800-SXM4-80GB, 68, 80406, 81920, 31, 55, 358.78
2026-04-06 01:15:02,1, NVIDIA A800-SXM4-80GB, 59, 80428, 81920, 22, 49, 343.00
2026-04-06 01:15:08,0, NVIDIA A800-SXM4-80GB, 99, 80386, 81920, 50, 58, 376.92
2026-04-06 01:15:08,1, NVIDIA A800-SXM4-80GB, 99, 80428, 81920, 50, 52, 314.70
2026-04-06 01:15:13,0, NVIDIA A800-SXM4-80GB, 100, 78588, 81920, 5, 54, 390.40
2026-04-06 01:15:13,1, NVIDIA A800-SXM4-80GB, 97, 78650, 81920, 30, 48, 310.67
2026-04-06 01:15:18,0, NVIDIA A800-SXM4-80GB, 92, 73886, 81920, 23, 48, 123.82
2026-04-06 01:15:18,1, NVIDIA A800-SXM4-80GB, 90, 73850, 81920, 38, 41, 93.77
2026-04-06 01:15:23,0, NVIDIA A800-SXM4-80GB, 90, 73348, 81920, 39, 48, 125.71
2026-04-06 01:15:23,1, NVIDIA A800-SXM4-80GB, 85, 73010, 81920, 36, 42, 87.90
2026-04-06 01:15:28,0, NVIDIA A800-SXM4-80GB, 100, 76506, 81920, 11, 53, 360.27
2026-04-06 01:15:28,1, NVIDIA A800-SXM4-80GB, 98, 76508, 81920, 26, 47, 338.08
2026-04-06 01:15:33,0, NVIDIA A800-SXM4-80GB, 99, 76208, 81920, 36, 54, 325.20
2026-04-06 01:15:33,1, NVIDIA A800-SXM4-80GB, 97, 76210, 81920, 49, 47, 350.40
2026-04-06 01:15:38,0, NVIDIA A800-SXM4-80GB, 99, 74944, 81920, 14, 49, 135.25
2026-04-06 01:15:38,1, NVIDIA A800-SXM4-80GB, 100, 74926, 81920, 7, 42, 356.53
2026-04-06 01:15:43,0, NVIDIA A800-SXM4-80GB, 90, 75804, 81920, 33, 53, 320.56
2026-04-06 01:15:43,1, NVIDIA A800-SXM4-80GB, 97, 75846, 81920, 49, 46, 321.78
2026-04-06 01:15:49,0, NVIDIA A800-SXM4-80GB, 97, 75664, 81920, 24, 52, 331.01
2026-04-06 01:15:49,1, NVIDIA A800-SXM4-80GB, 97, 75646, 81920, 37, 46, 343.33
2026-04-06 01:15:54,0, NVIDIA A800-SXM4-80GB, 99, 76704, 81920, 51, 52, 302.39
2026-04-06 01:15:54,1, NVIDIA A800-SXM4-80GB, 99, 76686, 81920, 51, 44, 343.60
2026-04-06 01:15:59,0, NVIDIA A800-SXM4-80GB, 100, 76086, 81920, 3, 45, 130.31
2026-04-06 01:15:59,1, NVIDIA A800-SXM4-80GB, 94, 76148, 81920, 9, 39, 161.22
2026-04-06 01:16:04,0, NVIDIA A800-SXM4-80GB, 83, 73546, 81920, 27, 46, 94.20
2026-04-06 01:16:04,1, NVIDIA A800-SXM4-80GB, 80, 73286, 81920, 17, 39, 86.68
2026-04-06 01:16:09,0, NVIDIA A800-SXM4-80GB, 87, 76586, 81920, 18, 49, 290.98
2026-04-06 01:16:09,1, NVIDIA A800-SXM4-80GB, 87, 76588, 81920, 7, 43, 281.46
2026-04-06 01:16:14,0, NVIDIA A800-SXM4-80GB, 84, 74264, 81920, 25, 47, 96.97
2026-04-06 01:16:14,1, NVIDIA A800-SXM4-80GB, 83, 74266, 81920, 15, 41, 89.45
2026-04-06 01:16:19,0, NVIDIA A800-SXM4-80GB, 100, 80426, 81920, 4, 46, 170.30
2026-04-06 01:16:19,1, NVIDIA A800-SXM4-80GB, 89, 80428, 81920, 8, 41, 135.12
2026-04-06 01:16:24,0, NVIDIA A800-SXM4-80GB, 58, 33482, 81920, 2, 41, 88.32
2026-04-06 01:16:24,1, NVIDIA A800-SXM4-80GB, 44, 33486, 81920, 1, 37, 81.74
2026-04-06 01:16:29,0, NVIDIA A800-SXM4-80GB, 9, 33522, 81920, 0, 39, 71.01
2026-04-06 01:16:29,1, NVIDIA A800-SXM4-80GB, 9, 33526, 81920, 0, 35, 66.94
2026-04-06 01:16:34,0, NVIDIA A800-SXM4-80GB, 9, 33554, 81920, 0, 38, 72.56
2026-04-06 01:16:34,1, NVIDIA A800-SXM4-80GB, 9, 33558, 81920, 0, 34, 66.34
2026-04-06 01:16:40,0, NVIDIA A800-SXM4-80GB, 86, 41710, 81920, 47, 38, 92.64
2026-04-06 01:16:40,1, NVIDIA A800-SXM4-80GB, 83, 41714, 81920, 46, 34, 84.51
2026-04-06 01:16:45,0, NVIDIA A800-SXM4-80GB, 100, 43018, 81920, 42, 56, 394.78
2026-04-06 01:16:45,1, NVIDIA A800-SXM4-80GB, 100, 43444, 81920, 43, 49, 376.53
2026-04-06 01:16:50,0, NVIDIA A800-SXM4-80GB, 100, 43022, 81920, 44, 58, 388.73
2026-04-06 01:16:50,1, NVIDIA A800-SXM4-80GB, 100, 43446, 81920, 43, 52, 394.79
2026-04-06 01:16:55,0, NVIDIA A800-SXM4-80GB, 100, 43024, 81920, 69, 54, 338.08
2026-04-06 01:16:55,1, NVIDIA A800-SXM4-80GB, 100, 43448, 81920, 70, 48, 326.69
2026-04-06 01:17:00,0, NVIDIA A800-SXM4-80GB, 100, 43024, 81920, 83, 49, 297.16
2026-04-06 01:17:00,1, NVIDIA A800-SXM4-80GB, 0, 43448, 81920, 0, 35, 67.42
2026-04-06 01:17:05,0, NVIDIA A800-SXM4-80GB, 0, 43024, 81920, 0, 39, 86.68
2026-04-06 01:17:05,1, NVIDIA A800-SXM4-80GB, 0, 43448, 81920, 0, 35, 80.44
2026-04-06 01:17:10,0, NVIDIA A800-SXM4-80GB, 100, 43026, 81920, 79, 46, 285.16
2026-04-06 01:17:10,1, NVIDIA A800-SXM4-80GB, 100, 43450, 81920, 81, 41, 283.31
2026-04-06 01:17:15,0, NVIDIA A800-SXM4-80GB, 0, 43026, 81920, 0, 35, 70.66
2026-04-06 01:17:15,1, NVIDIA A800-SXM4-80GB, 0, 43450, 81920, 0, 32, 65.94
2026-04-06 01:17:20,0, NVIDIA A800-SXM4-80GB, 100, 43026, 81920, 62, 53, 384.97
2026-04-06 01:17:20,1, NVIDIA A800-SXM4-80GB, 100, 43450, 81920, 62, 46, 365.95
2026-04-06 01:17:26,0, NVIDIA A800-SXM4-80GB, 100, 43026, 81920, 67, 52, 373.61
2026-04-06 01:17:26,1, NVIDIA A800-SXM4-80GB, 100, 43450, 81920, 65, 47, 356.98
2026-04-06 01:17:31,0, NVIDIA A800-SXM4-80GB, 100, 43026, 81920, 76, 49, 312.19
2026-04-06 01:17:31,1, NVIDIA A800-SXM4-80GB, 100, 43450, 81920, 78, 45, 378.46
2026-04-06 01:17:36,0, NVIDIA A800-SXM4-80GB, 100, 43026, 81920, 78, 46, 303.02
2026-04-06 01:17:36,1, NVIDIA A800-SXM4-80GB, 100, 43450, 81920, 78, 42, 290.71
2026-04-06 01:17:41,0, NVIDIA A800-SXM4-80GB, 58, 43026, 81920, 33, 42, 295.31
2026-04-06 01:17:41,1, NVIDIA A800-SXM4-80GB, 49, 43450, 81920, 29, 39, 278.73
2026-04-06 01:17:46,0, NVIDIA A800-SXM4-80GB, 100, 43026, 81920, 78, 45, 288.28
2026-04-06 01:17:46,1, NVIDIA A800-SXM4-80GB, 100, 43450, 81920, 72, 41, 282.10
2026-04-06 01:17:51,0, NVIDIA A800-SXM4-80GB, 100, 4692, 81920, 3, 35, 88.14
2026-04-06 01:17:51,1, NVIDIA A800-SXM4-80GB, 100, 4714, 81920, 3, 34, 83.74
2026-04-06 01:17:56,0, NVIDIA A800-SXM4-80GB, 95, 24956, 81920, 39, 45, 307.92
2026-04-06 01:17:56,1, NVIDIA A800-SXM4-80GB, 94, 24976, 81920, 39, 41, 284.58
2026-04-06 01:18:01,0, NVIDIA A800-SXM4-80GB, 95, 25840, 81920, 42, 47, 338.33
2026-04-06 01:18:01,1, NVIDIA A800-SXM4-80GB, 95, 25840, 81920, 42, 43, 307.92
2026-04-06 01:18:06,0, NVIDIA A800-SXM4-80GB, 96, 27800, 81920, 44, 50, 350.64
2026-04-06 01:18:06,1, NVIDIA A800-SXM4-80GB, 97, 27822, 81920, 44, 45, 350.04
2026-04-06 01:18:12,0, NVIDIA A800-SXM4-80GB, 97, 28062, 81920, 39, 50, 323.60
2026-04-06 01:18:12,1, NVIDIA A800-SXM4-80GB, 97, 28062, 81920, 39, 45, 328.51
2026-04-06 01:18:17,0, NVIDIA A800-SXM4-80GB, 95, 28066, 81920, 43, 50, 326.09
2026-04-06 01:18:17,1, NVIDIA A800-SXM4-80GB, 95, 28066, 81920, 42, 45, 311.34
2026-04-06 01:18:22,0, NVIDIA A800-SXM4-80GB, 94, 28066, 81920, 39, 49, 304.51
2026-04-06 01:18:22,1, NVIDIA A800-SXM4-80GB, 94, 28066, 81920, 39, 44, 283.01
2026-04-06 01:18:27,0, NVIDIA A800-SXM4-80GB, 100, 14276, 81920, 2, 37, 89.87
2026-04-06 01:18:27,1, NVIDIA A800-SXM4-80GB, 100, 14378, 81920, 2, 34, 84.24
2026-04-06 01:18:32,0, NVIDIA A800-SXM4-80GB, 95, 73794, 81920, 13, 39, 96.64
2026-04-06 01:18:32,1, NVIDIA A800-SXM4-80GB, 93, 73774, 81920, 16, 36, 88.56
2026-04-06 01:18:37,0, NVIDIA A800-SXM4-80GB, 100, 74134, 81920, 11, 44, 288.22
2026-04-06 01:18:37,1, NVIDIA A800-SXM4-80GB, 99, 74154, 81920, 29, 40, 266.36
2026-04-06 01:18:42,0, NVIDIA A800-SXM4-80GB, 95, 69896, 81920, 31, 42, 162.15
2026-04-06 01:18:42,1, NVIDIA A800-SXM4-80GB, 97, 70016, 81920, 23, 38, 278.97
2026-04-06 01:18:47,0, NVIDIA A800-SXM4-80GB, 97, 74352, 81920, 53, 43, 93.87
2026-04-06 01:18:47,1, NVIDIA A800-SXM4-80GB, 85, 74354, 81920, 24, 38, 89.17
2026-04-06 01:18:52,0, NVIDIA A800-SXM4-80GB, 99, 75136, 81920, 36, 48, 306.38
2026-04-06 01:18:52,1, NVIDIA A800-SXM4-80GB, 99, 75116, 81920, 52, 44, 307.62
2026-04-06 01:18:57,0, NVIDIA A800-SXM4-80GB, 100, 71994, 81920, 3, 41, 92.03
2026-04-06 01:18:57,1, NVIDIA A800-SXM4-80GB, 100, 71994, 81920, 3, 37, 85.13
2026-04-06 01:19:02,0, NVIDIA A800-SXM4-80GB, 92, 76538, 81920, 36, 45, 96.03
2026-04-06 01:19:02,1, NVIDIA A800-SXM4-80GB, 84, 76538, 81920, 35, 39, 87.29
2026-04-06 01:19:08,0, NVIDIA A800-SXM4-80GB, 100, 75698, 81920, 12, 49, 353.52
2026-04-06 01:19:08,1, NVIDIA A800-SXM4-80GB, 99, 75698, 81920, 16, 44, 315.64
2026-04-06 01:19:13,0, NVIDIA A800-SXM4-80GB, 99, 75978, 81920, 50, 52, 356.89
2026-04-06 01:19:13,1, NVIDIA A800-SXM4-80GB, 99, 75978, 81920, 51, 46, 324.21
2026-04-06 01:19:18,0, NVIDIA A800-SXM4-80GB, 96, 76254, 81920, 23, 50, 295.58
2026-04-06 01:19:18,1, NVIDIA A800-SXM4-80GB, 96, 76254, 81920, 27, 45, 292.52
2026-04-06 01:19:23,0, NVIDIA A800-SXM4-80GB, 98, 76494, 81920, 27, 49, 350.42
2026-04-06 01:19:23,1, NVIDIA A800-SXM4-80GB, 98, 76494, 81920, 28, 44, 297.44
2026-04-06 01:19:28,0, NVIDIA A800-SXM4-80GB, 99, 76954, 81920, 48, 51, 352.91
2026-04-06 01:19:28,1, NVIDIA A800-SXM4-80GB, 97, 76974, 81920, 53, 45, 304.24
2026-04-06 01:19:33,0, NVIDIA A800-SXM4-80GB, 99, 77858, 81920, 17, 50, 351.36
2026-04-06 01:19:33,1, NVIDIA A800-SXM4-80GB, 99, 77896, 81920, 10, 45, 307.33
2026-04-06 01:19:38,0, NVIDIA A800-SXM4-80GB, 96, 72736, 81920, 38, 49, 140.18
2026-04-06 01:19:38,1, NVIDIA A800-SXM4-80GB, 94, 72756, 81920, 27, 43, 100.59
2026-04-06 01:19:43,0, NVIDIA A800-SXM4-80GB, 99, 72014, 81920, 28, 50, 98.80
2026-04-06 01:19:43,1, NVIDIA A800-SXM4-80GB, 99, 72034, 81920, 38, 43, 88.56
2026-04-06 01:19:48,0, NVIDIA A800-SXM4-80GB, 88, 79236, 81920, 13, 47, 119.22
2026-04-06 01:19:48,1, NVIDIA A800-SXM4-80GB, 100, 79696, 81920, 7, 44, 168.30
2026-04-06 01:19:54,0, NVIDIA A800-SXM4-80GB, 99, 72496, 81920, 49, 57, 357.50
2026-04-06 01:19:54,1, NVIDIA A800-SXM4-80GB, 99, 72436, 81920, 50, 51, 382.39
2026-04-06 01:19:59,0, NVIDIA A800-SXM4-80GB, 96, 79756, 81920, 13, 50, 438.96
2026-04-06 01:19:59,1, NVIDIA A800-SXM4-80GB, 91, 79958, 81920, 23, 46, 133.15
2026-04-06 01:20:04,0, NVIDIA A800-SXM4-80GB, 99, 72518, 81920, 50, 58, 326.09
2026-04-06 01:20:04,1, NVIDIA A800-SXM4-80GB, 99, 72458, 81920, 49, 51, 339.90
2026-04-06 01:20:09,0, NVIDIA A800-SXM4-80GB, 95, 74956, 81920, 16, 48, 150.40
2026-04-06 01:20:09,1, NVIDIA A800-SXM4-80GB, 100, 74996, 81920, 8, 42, 93.77
2026-04-06 01:20:14,0, NVIDIA A800-SXM4-80GB, 99, 72578, 81920, 45, 56, 319.34
2026-04-06 01:20:14,1, NVIDIA A800-SXM4-80GB, 99, 72518, 81920, 50, 50, 359.63
2026-04-06 01:20:19,0, NVIDIA A800-SXM4-80GB, 99, 72554, 81920, 49, 56, 342.73
2026-04-06 01:20:19,1, NVIDIA A800-SXM4-80GB, 99, 72536, 81920, 49, 50, 309.18
2026-04-06 01:20:24,0, NVIDIA A800-SXM4-80GB, 95, 78054, 81920, 37, 57, 351.97
2026-04-06 01:20:24,1, NVIDIA A800-SXM4-80GB, 96, 78054, 81920, 39, 50, 363.60
2026-04-06 01:20:29,0, NVIDIA A800-SXM4-80GB, 99, 72436, 81920, 50, 56, 322.10
2026-04-06 01:20:29,1, NVIDIA A800-SXM4-80GB, 99, 72436, 81920, 49, 50, 352.55
2026-04-06 01:20:34,0, NVIDIA A800-SXM4-80GB, 86, 74374, 81920, 26, 50, 99.75
2026-04-06 01:20:34,1, NVIDIA A800-SXM4-80GB, 89, 74354, 81920, 16, 43, 89.17
2026-04-06 01:20:40,0, NVIDIA A800-SXM4-80GB, 100, 81136, 81920, 21, 55, 388.85
2026-04-06 01:20:40,1, NVIDIA A800-SXM4-80GB, 100, 72416, 81920, 24, 49, 397.07
2026-04-06 01:20:45,0, NVIDIA A800-SXM4-80GB, 100, 79114, 81920, 7, 49, 96.03
2026-04-06 01:20:45,1, NVIDIA A800-SXM4-80GB, 100, 79114, 81920, 3, 43, 87.90
2026-04-06 01:20:50,0, NVIDIA A800-SXM4-80GB, 98, 80676, 81920, 50, 56, 406.70
2026-04-06 01:20:50,1, NVIDIA A800-SXM4-80GB, 98, 80676, 81920, 49, 50, 367.91
2026-04-06 01:20:55,0, NVIDIA A800-SXM4-80GB, 95, 76358, 81920, 36, 55, 359.99
2026-04-06 01:20:55,1, NVIDIA A800-SXM4-80GB, 95, 76238, 81920, 36, 47, 412.41
2026-04-06 01:21:00,0, NVIDIA A800-SXM4-80GB, 100, 76778, 81920, 3, 51, 300.26
2026-04-06 01:21:00,1, NVIDIA A800-SXM4-80GB, 84, 76778, 81920, 29, 45, 320.56
2026-04-06 01:21:05,0, NVIDIA A800-SXM4-80GB, 83, 76778, 81920, 27, 50, 154.90
2026-04-06 01:21:05,1, NVIDIA A800-SXM4-80GB, 85, 76798, 81920, 22, 45, 251.00
2026-04-06 01:21:10,0, NVIDIA A800-SXM4-80GB, 94, 77458, 81920, 36, 49, 133.90
2026-04-06 01:21:10,1, NVIDIA A800-SXM4-80GB, 93, 77078, 81920, 36, 42, 111.89
2026-04-06 01:21:15,0, NVIDIA A800-SXM4-80GB, 85, 74678, 81920, 14, 45, 123.29
2026-04-06 01:21:15,1, NVIDIA A800-SXM4-80GB, 90, 74878, 81920, 21, 40, 85.98
2026-04-06 01:21:20,0, NVIDIA A800-SXM4-80GB, 80, 80476, 81920, 20, 49, 299.62
2026-04-06 01:21:20,1, NVIDIA A800-SXM4-80GB, 89, 80396, 81920, 35, 42, 290.71
2026-04-06 01:21:26,0, NVIDIA A800-SXM4-80GB, 97, 75234, 81920, 6, 42, 213.98
2026-04-06 01:21:26,1, NVIDIA A800-SXM4-80GB, 89, 75236, 81920, 13, 37, 101.26
2026-04-06 01:21:31,0, NVIDIA A800-SXM4-80GB, 89, 74034, 81920, 19, 39, 92.13
2026-04-06 01:21:31,1, NVIDIA A800-SXM4-80GB, 72, 74034, 81920, 24, 36, 225.85
2026-04-06 01:21:36,0, NVIDIA A800-SXM4-80GB, 99, 75294, 81920, 51, 45, 341.43
2026-04-06 01:21:36,1, NVIDIA A800-SXM4-80GB, 99, 75294, 81920, 52, 41, 315.93
2026-04-06 01:21:41,0, NVIDIA A800-SXM4-80GB, 100, 76616, 81920, 7, 39, 112.78
2026-04-06 01:21:41,1, NVIDIA A800-SXM4-80GB, 85, 76636, 81920, 16, 36, 147.17
2026-04-06 01:21:46,0, NVIDIA A800-SXM4-80GB, 100, 76374, 81920, 53, 45, 310.67
2026-04-06 01:21:46,1, NVIDIA A800-SXM4-80GB, 100, 76374, 81920, 52, 37, 324.21
2026-04-06 01:21:51,0, NVIDIA A800-SXM4-80GB, 100, 75376, 81920, 53, 44, 287.30
2026-04-06 01:21:51,1, NVIDIA A800-SXM4-80GB, 100, 75376, 81920, 53, 40, 323.60
2026-04-06 01:21:56,0, NVIDIA A800-SXM4-80GB, 100, 76116, 81920, 6, 36, 93.77
2026-04-06 01:21:56,1, NVIDIA A800-SXM4-80GB, 89, 80516, 81920, 15, 34, 169.68
2026-04-06 01:22:01,0, NVIDIA A800-SXM4-80GB, 100, 73656, 81920, 51, 42, 271.89
2026-04-06 01:22:01,1, NVIDIA A800-SXM4-80GB, 100, 80738, 81920, 51, 39, 293.49
2026-04-06 01:22:06,0, NVIDIA A800-SXM4-80GB, 100, 33572, 81920, 4, 33, 91.09
2026-04-06 01:22:06,1, NVIDIA A800-SXM4-80GB, 100, 33574, 81920, 4, 31, 86.07
2026-04-06 01:22:12,0, NVIDIA A800-SXM4-80GB, 22, 42320, 81920, 1, 32, 83.65
2026-04-06 01:22:12,1, NVIDIA A800-SXM4-80GB, 25, 42342, 81920, 1, 30, 78.64
2026-04-06 01:22:17,0, NVIDIA A800-SXM4-80GB, 100, 42974, 81920, 42, 52, 409.12
2026-04-06 01:22:17,1, NVIDIA A800-SXM4-80GB, 100, 43234, 81920, 43, 47, 375.82
2026-04-06 01:22:22,0, NVIDIA A800-SXM4-80GB, 100, 42978, 81920, 49, 54, 394.98
2026-04-06 01:22:22,1, NVIDIA A800-SXM4-80GB, 100, 43238, 81920, 49, 49, 381.67
2026-04-06 01:22:27,0, NVIDIA A800-SXM4-80GB, 100, 42978, 81920, 79, 47, 295.28
2026-04-06 01:22:27,1, NVIDIA A800-SXM4-80GB, 100, 43238, 81920, 83, 42, 276.25
2026-04-06 01:22:32,0, NVIDIA A800-SXM4-80GB, 100, 42978, 81920, 83, 47, 290.38
2026-04-06 01:22:32,1, NVIDIA A800-SXM4-80GB, 100, 43238, 81920, 84, 41, 279.91
2026-04-06 01:22:37,0, NVIDIA A800-SXM4-80GB, 100, 42978, 81920, 81, 46, 286.06
2026-04-06 01:22:37,1, NVIDIA A800-SXM4-80GB, 100, 43238, 81920, 79, 41, 278.36
2026-04-06 01:22:42,0, NVIDIA A800-SXM4-80GB, 100, 42978, 81920, 82, 45, 285.45
2026-04-06 01:22:42,1, NVIDIA A800-SXM4-80GB, 100, 43238, 81920, 79, 41, 277.14
2026-04-06 01:22:47,0, NVIDIA A800-SXM4-80GB, 100, 42978, 81920, 62, 53, 376.92
2026-04-06 01:22:47,1, NVIDIA A800-SXM4-80GB, 100, 43238, 81920, 62, 47, 356.86
2026-04-06 01:22:52,0, NVIDIA A800-SXM4-80GB, 100, 42978, 81920, 63, 57, 394.45
2026-04-06 01:22:52,1, NVIDIA A800-SXM4-80GB, 100, 43238, 81920, 64, 50, 360.51
2026-04-06 01:22:58,0, NVIDIA A800-SXM4-80GB, 100, 42978, 81920, 73, 54, 321.50
2026-04-06 01:22:58,1, NVIDIA A800-SXM4-80GB, 100, 43238, 81920, 70, 49, 336.53
2026-04-06 01:23:03,0, NVIDIA A800-SXM4-80GB, 100, 42978, 81920, 76, 54, 334.44
2026-04-06 01:23:03,1, NVIDIA A800-SXM4-80GB, 100, 43240, 81920, 75, 48, 314.70
2026-04-06 01:23:08,0, NVIDIA A800-SXM4-80GB, 100, 42978, 81920, 75, 54, 318.11
2026-04-06 01:23:08,1, NVIDIA A800-SXM4-80GB, 100, 43240, 81920, 78, 48, 301.47
2026-04-06 01:23:13,0, NVIDIA A800-SXM4-80GB, 100, 42978, 81920, 77, 54, 298.41
2026-04-06 01:23:13,1, NVIDIA A800-SXM4-80GB, 100, 43240, 81920, 78, 48, 293.45
2026-04-06 01:23:18,0, NVIDIA A800-SXM4-80GB, 93, 24416, 81920, 35, 52, 278.36
2026-04-06 01:23:18,1, NVIDIA A800-SXM4-80GB, 93, 24416, 81920, 35, 47, 265.14
2026-04-06 01:23:23,0, NVIDIA A800-SXM4-80GB, 94, 25220, 81920, 37, 56, 319.34
2026-04-06 01:23:23,1, NVIDIA A800-SXM4-80GB, 95, 25240, 81920, 39, 50, 294.98
2026-04-06 01:23:28,0, NVIDIA A800-SXM4-80GB, 97, 27542, 81920, 38, 59, 379.07
2026-04-06 01:23:28,1, NVIDIA A800-SXM4-80GB, 96, 27542, 81920, 43, 52, 346.69
2026-04-06 01:23:33,0, NVIDIA A800-SXM4-80GB, 96, 27924, 81920, 44, 61, 363.03
2026-04-06 01:23:33,1, NVIDIA A800-SXM4-80GB, 96, 27922, 81920, 44, 53, 363.93
2026-04-06 01:23:38,0, NVIDIA A800-SXM4-80GB, 96, 28064, 81920, 43, 61, 373.54
2026-04-06 01:23:38,1, NVIDIA A800-SXM4-80GB, 96, 28104, 81920, 43, 54, 378.35
2026-04-06 01:23:43,0, NVIDIA A800-SXM4-80GB, 95, 28068, 81920, 39, 60, 321.77
2026-04-06 01:23:43,1, NVIDIA A800-SXM4-80GB, 95, 28108, 81920, 39, 53, 307.95
2026-04-06 01:23:48,0, NVIDIA A800-SXM4-80GB, 94, 28070, 81920, 40, 59, 305.16
2026-04-06 01:23:48,1, NVIDIA A800-SXM4-80GB, 94, 28110, 81920, 39, 51, 275.93
2026-04-06 01:23:54,0, NVIDIA A800-SXM4-80GB, 92, 66058, 81920, 44, 55, 286.06
2026-04-06 01:23:54,1, NVIDIA A800-SXM4-80GB, 90, 66020, 81920, 44, 47, 307.63
2026-04-06 01:23:59,0, NVIDIA A800-SXM4-80GB, 80, 80516, 81920, 23, 54, 294.70
2026-04-06 01:23:59,1, NVIDIA A800-SXM4-80GB, 80, 80498, 81920, 24, 47, 267.58
2026-04-06 01:24:04,0, NVIDIA A800-SXM4-80GB, 79, 74374, 81920, 43, 49, 100.08
2026-04-06 01:24:04,1, NVIDIA A800-SXM4-80GB, 99, 80876, 81920, 3, 42, 93.50
2026-04-06 01:24:09,0, NVIDIA A800-SXM4-80GB, 87, 73996, 81920, 26, 50, 124.49
2026-04-06 01:24:09,1, NVIDIA A800-SXM4-80GB, 86, 74376, 81920, 26, 43, 138.68
2026-04-06 01:24:14,0, NVIDIA A800-SXM4-80GB, 94, 76778, 81920, 32, 51, 302.39
2026-04-06 01:24:14,1, NVIDIA A800-SXM4-80GB, 94, 76778, 81920, 31, 43, 281.13
2026-04-06 01:24:19,0, NVIDIA A800-SXM4-80GB, 99, 76798, 81920, 51, 55, 355.95
2026-04-06 01:24:19,1, NVIDIA A800-SXM4-80GB, 99, 76798, 81920, 52, 47, 338.41
2026-04-06 01:24:24,0, NVIDIA A800-SXM4-80GB, 100, 74356, 81920, 3, 47, 124.49
2026-04-06 01:24:24,1, NVIDIA A800-SXM4-80GB, 92, 74356, 81920, 7, 41, 192.33
2026-04-06 01:24:30,0, NVIDIA A800-SXM4-80GB, 93, 78320, 81920, 36, 49, 109.62
2026-04-06 01:24:30,1, NVIDIA A800-SXM4-80GB, 89, 77860, 81920, 35, 42, 92.55
2026-04-06 01:24:35,0, NVIDIA A800-SXM4-80GB, 91, 75800, 81920, 6, 52, 310.70
2026-04-06 01:24:35,1, NVIDIA A800-SXM4-80GB, 96, 75798, 81920, 24, 45, 290.36
2026-04-06 01:24:40,0, NVIDIA A800-SXM4-80GB, 100, 52778, 81920, 4, 45, 93.25
2026-04-06 01:24:40,1, NVIDIA A800-SXM4-80GB, 100, 52778, 81920, 3, 39, 86.39
2026-04-06 01:24:45,0, NVIDIA A800-SXM4-80GB, 82, 77018, 81920, 34, 53, 311.97
2026-04-06 01:24:45,1, NVIDIA A800-SXM4-80GB, 83, 77378, 81920, 24, 46, 298.71
2026-04-06 01:24:50,0, NVIDIA A800-SXM4-80GB, 92, 73236, 81920, 39, 48, 97.25
2026-04-06 01:24:50,1, NVIDIA A800-SXM4-80GB, 88, 73236, 81920, 17, 41, 90.72
2026-04-06 01:24:55,0, NVIDIA A800-SXM4-80GB, 100, 74796, 81920, 4, 47, 176.18
2026-04-06 01:24:55,1, NVIDIA A800-SXM4-80GB, 91, 74836, 81920, 16, 41, 89.78
2026-04-06 01:25:00,0, NVIDIA A800-SXM4-80GB, 96, 72096, 81920, 38, 51, 223.78
2026-04-06 01:25:00,1, NVIDIA A800-SXM4-80GB, 95, 72118, 81920, 27, 43, 89.17
2026-04-06 01:25:05,0, NVIDIA A800-SXM4-80GB, 100, 76756, 81920, 4, 48, 100.35
2026-04-06 01:25:05,1, NVIDIA A800-SXM4-80GB, 100, 76776, 81920, 4, 41, 84.51
2026-04-06 01:25:10,0, NVIDIA A800-SXM4-80GB, 98, 80958, 81920, 49, 56, 411.01
2026-04-06 01:25:10,1, NVIDIA A800-SXM4-80GB, 93, 80958, 81920, 51, 49, 333.77
2026-04-06 01:25:16,0, NVIDIA A800-SXM4-80GB, 88, 80538, 81920, 13, 54, 341.19
2026-04-06 01:25:16,1, NVIDIA A800-SXM4-80GB, 81, 80538, 81920, 35, 48, 357.74
2026-04-06 01:25:21,0, NVIDIA A800-SXM4-80GB, 100, 72520, 81920, 28, 55, 355.95
2026-04-06 01:25:21,1, NVIDIA A800-SXM4-80GB, 100, 72420, 81920, 14, 47, 327.63
2026-04-06 01:25:26,0, NVIDIA A800-SXM4-80GB, 99, 72420, 81920, 49, 58, 395.59
2026-04-06 01:25:26,1, NVIDIA A800-SXM4-80GB, 99, 72960, 81920, 49, 51, 394.30
2026-04-06 01:25:31,0, NVIDIA A800-SXM4-80GB, 91, 71960, 81920, 25, 50, 110.56
2026-04-06 01:25:31,1, NVIDIA A800-SXM4-80GB, 91, 71820, 81920, 24, 43, 375.59
2026-04-06 01:25:36,0, NVIDIA A800-SXM4-80GB, 99, 72480, 81920, 49, 57, 391.00
2026-04-06 01:25:36,1, NVIDIA A800-SXM4-80GB, 99, 72460, 81920, 50, 49, 329.18
2026-04-06 01:25:41,0, NVIDIA A800-SXM4-80GB, 97, 74378, 81920, 50, 51, 103.46
2026-04-06 01:25:41,1, NVIDIA A800-SXM4-80GB, 88, 74358, 81920, 28, 45, 89.17
2026-04-06 01:25:46,0, NVIDIA A800-SXM4-80GB, 77, 74356, 81920, 25, 49, 96.36
2026-04-06 01:25:46,1, NVIDIA A800-SXM4-80GB, 81, 74436, 81920, 6, 43, 88.23
2026-04-06 01:25:51,0, NVIDIA A800-SXM4-80GB, 96, 72476, 81920, 39, 54, 341.52
2026-04-06 01:25:51,1, NVIDIA A800-SXM4-80GB, 97, 79576, 81920, 36, 46, 423.50
2026-04-06 01:25:57,0, NVIDIA A800-SXM4-80GB, 99, 72438, 81920, 49, 58, 394.98
2026-04-06 01:25:57,1, NVIDIA A800-SXM4-80GB, 98, 72438, 81920, 49, 51, 399.22
2026-04-06 01:26:02,0, NVIDIA A800-SXM4-80GB, 98, 77156, 81920, 17, 56, 363.03
2026-04-06 01:26:02,1, NVIDIA A800-SXM4-80GB, 97, 77156, 81920, 32, 50, 359.90
2026-04-06 01:26:07,0, NVIDIA A800-SXM4-80GB, 99, 81118, 81920, 49, 58, 399.90
2026-04-06 01:26:07,1, NVIDIA A800-SXM4-80GB, 99, 81138, 81920, 49, 52, 334.37
2026-04-06 01:26:12,0, NVIDIA A800-SXM4-80GB, 96, 80518, 81920, 39, 58, 361.20
2026-04-06 01:26:12,1, NVIDIA A800-SXM4-80GB, 96, 80938, 81920, 39, 51, 347.91
2026-04-06 01:26:17,0, NVIDIA A800-SXM4-80GB, 99, 80718, 81920, 50, 59, 407.30
2026-04-06 01:26:17,1, NVIDIA A800-SXM4-80GB, 99, 80718, 81920, 50, 52, 361.08
2026-04-06 01:26:22,0, NVIDIA A800-SXM4-80GB, 86, 79138, 81920, 28, 53, 399.63
2026-04-06 01:26:22,1, NVIDIA A800-SXM4-80GB, 100, 79138, 81920, 6, 46, 372.45
2026-04-06 01:26:27,0, NVIDIA A800-SXM4-80GB, 93, 73140, 81920, 38, 49, 98.80
2026-04-06 01:26:27,1, NVIDIA A800-SXM4-80GB, 89, 73400, 81920, 34, 42, 90.72
2026-04-06 01:26:32,0, NVIDIA A800-SXM4-80GB, 89, 74320, 81920, 39, 48, 417.65
2026-04-06 01:26:32,1, NVIDIA A800-SXM4-80GB, 94, 74440, 81920, 38, 42, 89.08
2026-04-06 01:26:37,0, NVIDIA A800-SXM4-80GB, 100, 75280, 81920, 11, 47, 192.94
2026-04-06 01:26:37,1, NVIDIA A800-SXM4-80GB, 100, 75280, 81920, 14, 41, 85.98
2026-04-06 01:26:43,0, NVIDIA A800-SXM4-80GB, 96, 76058, 81920, 43, 49, 320.89
2026-04-06 01:26:43,1, NVIDIA A800-SXM4-80GB, 96, 76078, 81920, 49, 44, 348.50
2026-04-06 01:26:48,0, NVIDIA A800-SXM4-80GB, 95, 77298, 81920, 33, 44, 243.82
2026-04-06 01:26:48,1, NVIDIA A800-SXM4-80GB, 96, 77178, 81920, 29, 38, 86.07
2026-04-06 01:26:53,0, NVIDIA A800-SXM4-80GB, 100, 75576, 81920, 11, 44, 323.32
2026-04-06 01:26:53,1, NVIDIA A800-SXM4-80GB, 100, 75576, 81920, 12, 40, 117.54
2026-04-06 01:26:58,0, NVIDIA A800-SXM4-80GB, 99, 75456, 81920, 52, 48, 293.75
2026-04-06 01:26:58,1, NVIDIA A800-SXM4-80GB, 99, 75456, 81920, 51, 43, 287.92
2026-04-06 01:27:03,0, NVIDIA A800-SXM4-80GB, 96, 71976, 81920, 42, 42, 91.70
2026-04-06 01:27:03,1, NVIDIA A800-SXM4-80GB, 100, 71976, 81920, 3, 37, 85.13
2026-04-06 01:27:08,0, NVIDIA A800-SXM4-80GB, 99, 74996, 81920, 18, 48, 339.97
2026-04-06 01:27:08,1, NVIDIA A800-SXM4-80GB, 99, 74996, 81920, 14, 43, 321.17
2026-04-06 01:27:13,0, NVIDIA A800-SXM4-80GB, 92, 74578, 81920, 37, 45, 206.43
2026-04-06 01:27:13,1, NVIDIA A800-SXM4-80GB, 83, 75678, 81920, 26, 40, 154.90
2026-04-06 01:27:18,0, NVIDIA A800-SXM4-80GB, 98, 76318, 81920, 13, 44, 132.34
2026-04-06 01:27:18,1, NVIDIA A800-SXM4-80GB, 100, 76238, 81920, 6, 40, 132.06
2026-04-06 01:27:23,0, NVIDIA A800-SXM4-80GB, 100, 73178, 81920, 51, 47, 101.30
2026-04-06 01:27:23,1, NVIDIA A800-SXM4-80GB, 100, 67638, 81920, 51, 41, 90.39
2026-04-06 01:27:29,0, NVIDIA A800-SXM4-80GB, 100, 73640, 81920, 13, 48, 294.97
2026-04-06 01:27:29,1, NVIDIA A800-SXM4-80GB, 100, 73620, 81920, 40, 43, 302.09
2026-04-06 01:27:34,0, NVIDIA A800-SXM4-80GB, 100, 4694, 81920, 3, 40, 90.15
2026-04-06 01:27:34,1, NVIDIA A800-SXM4-80GB, 100, 4716, 81920, 3, 36, 84.24
2026-04-06 01:27:39,0, NVIDIA A800-SXM4-80GB, 100, 43268, 81920, 31, 54, 399.29
2026-04-06 01:27:39,1, NVIDIA A800-SXM4-80GB, 100, 43002, 81920, 29, 50, 408.24
2026-04-06 01:27:44,0, NVIDIA A800-SXM4-80GB, 100, 43270, 81920, 45, 60, 349.46
2026-04-06 01:27:44,1, NVIDIA A800-SXM4-80GB, 100, 43004, 81920, 43, 53, 394.91
2026-04-06 01:27:49,0, NVIDIA A800-SXM4-80GB, 100, 43274, 81920, 60, 58, 370.68
2026-04-06 01:27:49,1, NVIDIA A800-SXM4-80GB, 100, 43006, 81920, 60, 52, 365.99
2026-04-06 01:27:54,0, NVIDIA A800-SXM4-80GB, 100, 43274, 81920, 76, 53, 310.10
2026-04-06 01:27:54,1, NVIDIA A800-SXM4-80GB, 100, 43006, 81920, 82, 46, 285.44
2026-04-06 01:27:59,0, NVIDIA A800-SXM4-80GB, 100, 43274, 81920, 83, 51, 298.68
2026-04-06 01:27:59,1, NVIDIA A800-SXM4-80GB, 0, 43006, 81920, 0, 37, 81.99
2026-04-06 01:28:04,0, NVIDIA A800-SXM4-80GB, 100, 43274, 81920, 63, 50, 307.93
2026-04-06 01:28:04,1, NVIDIA A800-SXM4-80GB, 100, 43008, 81920, 75, 44, 288.86
2026-04-06 01:28:09,0, NVIDIA A800-SXM4-80GB, 0, 43274, 81920, 0, 42, 88.32
2026-04-06 01:28:09,1, NVIDIA A800-SXM4-80GB, 0, 43008, 81920, 0, 37, 82.07
2026-04-06 01:28:15,0, NVIDIA A800-SXM4-80GB, 100, 43274, 81920, 59, 57, 391.07
2026-04-06 01:28:15,1, NVIDIA A800-SXM4-80GB, 100, 43008, 81920, 56, 50, 359.90
2026-04-06 01:28:20,0, NVIDIA A800-SXM4-80GB, 100, 43274, 81920, 65, 59, 390.89
2026-04-06 01:28:20,1, NVIDIA A800-SXM4-80GB, 100, 43008, 81920, 66, 51, 375.15
2026-04-06 01:28:25,0, NVIDIA A800-SXM4-80GB, 100, 43274, 81920, 72, 54, 324.54
2026-04-06 01:28:25,1, NVIDIA A800-SXM4-80GB, 100, 43008, 81920, 73, 48, 322.06
2026-04-06 01:28:30,0, NVIDIA A800-SXM4-80GB, 100, 43274, 81920, 71, 52, 320.84
2026-04-06 01:28:30,1, NVIDIA A800-SXM4-80GB, 100, 43008, 81920, 76, 46, 315.00
2026-04-06 01:28:35,0, NVIDIA A800-SXM4-80GB, 100, 43274, 81920, 77, 50, 297.13
2026-04-06 01:28:35,1, NVIDIA A800-SXM4-80GB, 100, 43008, 81920, 82, 44, 283.60
2026-04-06 01:28:40,0, NVIDIA A800-SXM4-80GB, 93, 24498, 81920, 35, 48, 276.53
2026-04-06 01:28:40,1, NVIDIA A800-SXM4-80GB, 93, 24520, 81920, 35, 42, 271.34
2026-04-06 01:28:45,0, NVIDIA A800-SXM4-80GB, 94, 25362, 81920, 40, 50, 312.83
2026-04-06 01:28:45,1, NVIDIA A800-SXM4-80GB, 94, 25362, 81920, 40, 44, 293.19
2026-04-06 01:28:50,0, NVIDIA A800-SXM4-80GB, 96, 27764, 81920, 39, 53, 351.28
2026-04-06 01:28:50,1, NVIDIA A800-SXM4-80GB, 97, 27766, 81920, 39, 47, 331.88
2026-04-06 01:28:55,0, NVIDIA A800-SXM4-80GB, 97, 28066, 81920, 39, 54, 363.32
2026-04-06 01:28:55,1, NVIDIA A800-SXM4-80GB, 96, 28066, 81920, 42, 47, 347.55
2026-04-06 01:29:00,0, NVIDIA A800-SXM4-80GB, 96, 28066, 81920, 39, 54, 356.25
2026-04-06 01:29:00,1, NVIDIA A800-SXM4-80GB, 96, 28066, 81920, 43, 48, 342.05
2026-04-06 01:29:06,0, NVIDIA A800-SXM4-80GB, 94, 28070, 81920, 39, 52, 308.55
2026-04-06 01:29:06,1, NVIDIA A800-SXM4-80GB, 95, 28070, 81920, 39, 46, 300.23
2026-04-06 01:29:11,0, NVIDIA A800-SXM4-80GB, 93, 28072, 81920, 37, 50, 264.14
2026-04-06 01:29:11,1, NVIDIA A800-SXM4-80GB, 93, 28072, 81920, 36, 45, 261.77
2026-04-06 01:29:16,0, NVIDIA A800-SXM4-80GB, 100, 80560, 81920, 52, 48, 271.28
2026-04-06 01:29:16,1, NVIDIA A800-SXM4-80GB, 100, 80542, 81920, 52, 43, 308.52
2026-04-06 01:29:21,0, NVIDIA A800-SXM4-80GB, 100, 79658, 81920, 51, 46, 328.25
2026-04-06 01:29:21,1, NVIDIA A800-SXM4-80GB, 100, 79398, 81920, 51, 41, 313.49
2026-04-06 01:29:26,0, NVIDIA A800-SXM4-80GB, 100, 73818, 81920, 51, 47, 227.38
2026-04-06 01:29:26,1, NVIDIA A800-SXM4-80GB, 100, 73700, 81920, 51, 41, 128.63
2026-04-06 01:29:31,0, NVIDIA A800-SXM4-80GB, 88, 74378, 81920, 20, 44, 102.85
2026-04-06 01:29:31,1, NVIDIA A800-SXM4-80GB, 94, 74378, 81920, 11, 39, 115.38
2026-04-06 01:29:36,0, NVIDIA A800-SXM4-80GB, 98, 76820, 81920, 14, 49, 297.13
2026-04-06 01:29:36,1, NVIDIA A800-SXM4-80GB, 96, 76840, 81920, 22, 43, 296.83
2026-04-06 01:29:41,0, NVIDIA A800-SXM4-80GB, 96, 71978, 81920, 32, 46, 96.03
2026-04-06 01:29:41,1, NVIDIA A800-SXM4-80GB, 96, 71978, 81920, 27, 40, 86.68
2026-04-06 01:29:46,0, NVIDIA A800-SXM4-80GB, 85, 76822, 81920, 19, 49, 301.45
2026-04-06 01:29:46,1, NVIDIA A800-SXM4-80GB, 85, 76840, 81920, 21, 43, 297.77
2026-04-06 01:29:52,0, NVIDIA A800-SXM4-80GB, 99, 75642, 81920, 24, 48, 179.89
2026-04-06 01:29:52,1, NVIDIA A800-SXM4-80GB, 98, 75640, 81920, 24, 43, 148.69
2026-04-06 01:29:57,0, NVIDIA A800-SXM4-80GB, 99, 75822, 81920, 51, 52, 337.20
2026-04-06 01:29:57,1, NVIDIA A800-SXM4-80GB, 99, 75800, 81920, 51, 46, 346.09
2026-04-06 01:30:02,0, NVIDIA A800-SXM4-80GB, 21, 74560, 81920, 8, 42, 88.93
2026-04-06 01:30:02,1, NVIDIA A800-SXM4-80GB, 0, 74560, 81920, 0, 37, 82.07
2026-04-06 01:30:07,0, NVIDIA A800-SXM4-80GB, 99, 76438, 81920, 32, 49, 355.07
2026-04-06 01:30:07,1, NVIDIA A800-SXM4-80GB, 98, 76458, 81920, 26, 44, 297.80
2026-04-06 01:30:12,0, NVIDIA A800-SXM4-80GB, 98, 76918, 81920, 47, 51, 344.56
2026-04-06 01:30:12,1, NVIDIA A800-SXM4-80GB, 97, 76898, 81920, 39, 45, 366.36
2026-04-06 01:30:17,0, NVIDIA A800-SXM4-80GB, 98, 77578, 81920, 33, 51, 307.95
2026-04-06 01:30:17,1, NVIDIA A800-SXM4-80GB, 98, 77580, 81920, 50, 45, 346.69
2026-04-06 01:30:22,0, NVIDIA A800-SXM4-80GB, 95, 79600, 81920, 18, 48, 394.98
2026-04-06 01:30:22,1, NVIDIA A800-SXM4-80GB, 100, 79440, 81920, 8, 44, 310.67
2026-04-06 01:30:27,0, NVIDIA A800-SXM4-80GB, 95, 80520, 81920, 4, 49, 354.74
2026-04-06 01:30:27,1, NVIDIA A800-SXM4-80GB, 79, 80560, 81920, 27, 44, 290.69
2026-04-06 01:30:33,0, NVIDIA A800-SXM4-80GB, 99, 81100, 81920, 49, 55, 319.01
2026-04-06 01:30:33,1, NVIDIA A800-SXM4-80GB, 99, 81100, 81920, 49, 49, 310.71
2026-04-06 01:30:38,0, NVIDIA A800-SXM4-80GB, 81, 80500, 81920, 37, 53, 341.19
2026-04-06 01:30:38,1, NVIDIA A800-SXM4-80GB, 78, 80520, 81920, 22, 47, 343.00
2026-04-06 01:30:43,0, NVIDIA A800-SXM4-80GB, 100, 72462, 81920, 37, 54, 390.07
2026-04-06 01:30:43,1, NVIDIA A800-SXM4-80GB, 99, 72482, 81920, 50, 49, 313.81
2026-04-06 01:30:48,0, NVIDIA A800-SXM4-80GB, 82, 74358, 81920, 11, 48, 100.08
2026-04-06 01:30:48,1, NVIDIA A800-SXM4-80GB, 80, 74378, 81920, 37, 41, 86.68
2026-04-06 01:30:53,0, NVIDIA A800-SXM4-80GB, 100, 72462, 81920, 15, 54, 381.17
2026-04-06 01:30:53,1, NVIDIA A800-SXM4-80GB, 100, 72442, 81920, 15, 48, 394.05
2026-04-06 01:30:58,0, NVIDIA A800-SXM4-80GB, 99, 78962, 81920, 49, 55, 323.65
2026-04-06 01:30:58,1, NVIDIA A800-SXM4-80GB, 99, 79682, 81920, 49, 47, 313.76
2026-04-06 01:31:03,0, NVIDIA A800-SXM4-80GB, 99, 69638, 81920, 48, 50, 98.19
2026-04-06 01:31:03,1, NVIDIA A800-SXM4-80GB, 99, 69638, 81920, 42, 44, 89.78
2026-04-06 01:31:09,0, NVIDIA A800-SXM4-80GB, 96, 81098, 81920, 39, 54, 267.57
2026-04-06 01:31:09,1, NVIDIA A800-SXM4-80GB, 87, 81138, 81920, 36, 46, 402.86
2026-04-06 01:31:14,0, NVIDIA A800-SXM4-80GB, 99, 72540, 81920, 49, 58, 424.21
2026-04-06 01:31:14,1, NVIDIA A800-SXM4-80GB, 99, 72460, 81920, 50, 51, 385.15
2026-04-06 01:31:19,0, NVIDIA A800-SXM4-80GB, 88, 74358, 81920, 21, 50, 97.58
2026-04-06 01:31:19,1, NVIDIA A800-SXM4-80GB, 89, 74378, 81920, 16, 43, 89.17
2026-04-06 01:31:24,0, NVIDIA A800-SXM4-80GB, 99, 81140, 81920, 49, 57, 381.44
2026-04-06 01:31:24,1, NVIDIA A800-SXM4-80GB, 99, 81140, 81920, 50, 51, 312.55
2026-04-06 01:31:29,0, NVIDIA A800-SXM4-80GB, 97, 80540, 81920, 4, 54, 334.71
2026-04-06 01:31:29,1, NVIDIA A800-SXM4-80GB, 77, 80520, 81920, 33, 49, 348.24
2026-04-06 01:31:34,0, NVIDIA A800-SXM4-80GB, 99, 80960, 81920, 50, 59, 331.34
2026-04-06 01:31:34,1, NVIDIA A800-SXM4-80GB, 99, 80960, 81920, 50, 51, 399.49
2026-04-06 01:31:39,0, NVIDIA A800-SXM4-80GB, 96, 69960, 81920, 39, 51, 98.19
2026-04-06 01:31:39,1, NVIDIA A800-SXM4-80GB, 99, 69960, 81920, 13, 43, 89.17
2026-04-06 01:31:45,0, NVIDIA A800-SXM4-80GB, 97, 74378, 81920, 3, 48, 116.11
2026-04-06 01:31:45,1, NVIDIA A800-SXM4-80GB, 100, 74378, 81920, 3, 42, 120.80
2026-04-06 01:31:50,0, NVIDIA A800-SXM4-80GB, 99, 71998, 81920, 12, 48, 103.13
2026-04-06 01:31:50,1, NVIDIA A800-SXM4-80GB, 97, 71998, 81920, 23, 42, 87.29
2026-04-06 01:31:55,0, NVIDIA A800-SXM4-80GB, 100, 74358, 81920, 3, 47, 93.87
2026-04-06 01:31:55,1, NVIDIA A800-SXM4-80GB, 97, 74478, 81920, 3, 41, 86.39
2026-04-06 01:32:00,0, NVIDIA A800-SXM4-80GB, 84, 76942, 81920, 36, 52, 310.10
2026-04-06 01:32:00,1, NVIDIA A800-SXM4-80GB, 83, 76962, 81920, 28, 45, 303.00
2026-04-06 01:32:05,0, NVIDIA A800-SXM4-80GB, 99, 71580, 81920, 49, 54, 358.11
2026-04-06 01:32:05,1, NVIDIA A800-SXM4-80GB, 99, 71942, 81920, 49, 47, 330.06
2026-04-06 01:32:10,0, NVIDIA A800-SXM4-80GB, 95, 71998, 81920, 39, 47, 95.42
2026-04-06 01:32:10,1, NVIDIA A800-SXM4-80GB, 96, 71998, 81920, 12, 41, 87.90
2026-04-06 01:32:15,0, NVIDIA A800-SXM4-80GB, 84, 76840, 81920, 36, 48, 128.15
2026-04-06 01:32:15,1, NVIDIA A800-SXM4-80GB, 84, 76860, 81920, 21, 43, 252.48
2026-04-06 01:32:20,0, NVIDIA A800-SXM4-80GB, 94, 75278, 81920, 11, 47, 255.83
2026-04-06 01:32:20,1, NVIDIA A800-SXM4-80GB, 97, 75298, 81920, 13, 41, 107.07
2026-04-06 01:32:25,0, NVIDIA A800-SXM4-80GB, 99, 75098, 81920, 52, 54, 351.97
2026-04-06 01:32:25,1, NVIDIA A800-SXM4-80GB, 99, 75098, 81920, 52, 47, 284.22
2026-04-06 01:32:31,0, NVIDIA A800-SXM4-80GB, 89, 74798, 81920, 17, 51, 282.96
2026-04-06 01:32:31,1, NVIDIA A800-SXM4-80GB, 100, 74838, 81920, 12, 45, 321.45
2026-04-06 01:32:36,0, NVIDIA A800-SXM4-80GB, 81, 76020, 81920, 38, 50, 130.04
2026-04-06 01:32:36,1, NVIDIA A800-SXM4-80GB, 84, 75520, 81920, 31, 43, 126.19
2026-04-06 01:32:41,0, NVIDIA A800-SXM4-80GB, 98, 76700, 81920, 12, 50, 256.16
2026-04-06 01:32:41,1, NVIDIA A800-SXM4-80GB, 96, 76720, 81920, 20, 44, 207.84
2026-04-06 01:32:46,0, NVIDIA A800-SXM4-80GB, 94, 76800, 81920, 18, 50, 281.41
2026-04-06 01:32:46,1, NVIDIA A800-SXM4-80GB, 95, 76800, 81920, 24, 43, 258.67
2026-04-06 01:32:51,0, NVIDIA A800-SXM4-80GB, 100, 73358, 81920, 2, 43, 94.80
2026-04-06 01:32:51,1, NVIDIA A800-SXM4-80GB, 100, 73218, 81920, 2, 38, 87.61
2026-04-06 01:32:56,0, NVIDIA A800-SXM4-80GB, 20, 17970, 81920, 1, 41, 93.59
2026-04-06 01:32:56,1, NVIDIA A800-SXM4-80GB, 15, 17992, 81920, 0, 36, 86.39
2026-04-06 01:33:01,0, NVIDIA A800-SXM4-80GB, 100, 43474, 81920, 44, 59, 403.27
2026-04-06 01:33:01,1, NVIDIA A800-SXM4-80GB, 100, 43052, 81920, 42, 53, 393.16
2026-04-06 01:33:06,0, NVIDIA A800-SXM4-80GB, 100, 43476, 81920, 48, 61, 397.74
2026-04-06 01:33:06,1, NVIDIA A800-SXM4-80GB, 100, 43054, 81920, 48, 54, 388.46
2026-04-06 01:33:11,0, NVIDIA A800-SXM4-80GB, 100, 43478, 81920, 79, 54, 305.18
2026-04-06 01:33:11,1, NVIDIA A800-SXM4-80GB, 100, 43056, 81920, 82, 48, 292.55
2026-04-06 01:33:16,0, NVIDIA A800-SXM4-80GB, 68, 43478, 81920, 57, 47, 92.22
2026-04-06 01:33:16,1, NVIDIA A800-SXM4-80GB, 100, 43056, 81920, 83, 47, 286.71
2026-04-06 01:33:22,0, NVIDIA A800-SXM4-80GB, 0, 43478, 81920, 0, 47, 92.55
2026-04-06 01:33:22,1, NVIDIA A800-SXM4-80GB, 100, 43056, 81920, 83, 46, 284.83
2026-04-06 01:33:27,0, NVIDIA A800-SXM4-80GB, 100, 43478, 81920, 78, 50, 293.15
2026-04-06 01:33:27,1, NVIDIA A800-SXM4-80GB, 100, 43056, 81920, 84, 45, 278.08
2026-04-06 01:33:32,0, NVIDIA A800-SXM4-80GB, 100, 43478, 81920, 70, 53, 310.10
2026-04-06 01:33:32,1, NVIDIA A800-SXM4-80GB, 100, 43056, 81920, 72, 46, 316.25
2026-04-06 01:33:37,0, NVIDIA A800-SXM4-80GB, 100, 43478, 81920, 53, 62, 396.20
2026-04-06 01:33:37,1, NVIDIA A800-SXM4-80GB, 100, 43056, 81920, 57, 54, 383.00
2026-04-06 01:33:42,0, NVIDIA A800-SXM4-80GB, 100, 43478, 81920, 70, 59, 354.74
2026-04-06 01:33:42,1, NVIDIA A800-SXM4-80GB, 100, 43056, 81920, 73, 50, 315.92
2026-04-06 01:33:47,0, NVIDIA A800-SXM4-80GB, 100, 43478, 81920, 68, 59, 348.59
2026-04-06 01:33:47,1, NVIDIA A800-SXM4-80GB, 100, 43056, 81920, 65, 51, 307.95
2026-04-06 01:33:52,0, NVIDIA A800-SXM4-80GB, 100, 43478, 81920, 83, 57, 305.16
2026-04-06 01:33:52,1, NVIDIA A800-SXM4-80GB, 21, 43056, 81920, 17, 43, 85.04
2026-04-06 01:33:57,0, NVIDIA A800-SXM4-80GB, 100, 43478, 81920, 74, 59, 322.38
2026-04-06 01:33:57,1, NVIDIA A800-SXM4-80GB, 100, 43056, 81920, 76, 50, 313.81
2026-04-06 01:34:02,0, NVIDIA A800-SXM4-80GB, 100, 43478, 81920, 83, 58, 308.54
2026-04-06 01:34:02,1, NVIDIA A800-SXM4-80GB, 0, 43056, 81920, 0, 43, 85.65
2026-04-06 01:34:07,0, NVIDIA A800-SXM4-80GB, 93, 24722, 81920, 40, 59, 389.73
2026-04-06 01:34:07,1, NVIDIA A800-SXM4-80GB, 94, 24720, 81920, 40, 50, 299.95
2026-04-06 01:34:13,0, NVIDIA A800-SXM4-80GB, 95, 25464, 81920, 39, 60, 341.19
2026-04-06 01:34:13,1, NVIDIA A800-SXM4-80GB, 95, 25462, 81920, 39, 53, 308.24
2026-04-06 01:34:18,0, NVIDIA A800-SXM4-80GB, 97, 27786, 81920, 39, 64, 371.99
2026-04-06 01:34:18,1, NVIDIA A800-SXM4-80GB, 97, 27786, 81920, 39, 55, 377.36
2026-04-06 01:34:23,0, NVIDIA A800-SXM4-80GB, 96, 28148, 81920, 42, 64, 363.69
2026-04-06 01:34:23,1, NVIDIA A800-SXM4-80GB, 96, 28146, 81920, 40, 55, 340.56
2026-04-06 01:34:28,0, NVIDIA A800-SXM4-80GB, 95, 28150, 81920, 40, 63, 347.32
2026-04-06 01:34:28,1, NVIDIA A800-SXM4-80GB, 95, 28150, 81920, 41, 54, 310.67
2026-04-06 01:34:33,0, NVIDIA A800-SXM4-80GB, 94, 28152, 81920, 40, 62, 310.71
2026-04-06 01:34:33,1, NVIDIA A800-SXM4-80GB, 94, 28150, 81920, 40, 53, 311.34
2026-04-06 01:34:38,0, NVIDIA A800-SXM4-80GB, 99, 15382, 81920, 2, 50, 100.35
2026-04-06 01:34:38,1, NVIDIA A800-SXM4-80GB, 99, 15402, 81920, 2, 43, 88.56
2026-04-06 01:34:43,0, NVIDIA A800-SXM4-80GB, 100, 73740, 81920, 10, 55, 297.44
2026-04-06 01:34:43,1, NVIDIA A800-SXM4-80GB, 100, 73758, 81920, 10, 47, 275.60
2026-04-06 01:34:48,0, NVIDIA A800-SXM4-80GB, 99, 74100, 81920, 23, 57, 291.60
2026-04-06 01:34:48,1, NVIDIA A800-SXM4-80GB, 100, 74118, 81920, 51, 49, 284.54
2026-04-06 01:34:53,0, NVIDIA A800-SXM4-80GB, 84, 75422, 81920, 39, 56, 324.26
2026-04-06 01:34:53,1, NVIDIA A800-SXM4-80GB, 93, 75420, 81920, 36, 48, 275.60
2026-04-06 01:34:58,0, NVIDIA A800-SXM4-80GB, 100, 74602, 81920, 53, 57, 306.67
2026-04-06 01:34:58,1, NVIDIA A800-SXM4-80GB, 100, 74618, 81920, 53, 48, 287.91
2026-04-06 01:35:04,0, NVIDIA A800-SXM4-80GB, 100, 74840, 81920, 11, 52, 128.48
2026-04-06 01:35:04,1, NVIDIA A800-SXM4-80GB, 85, 74860, 81920, 15, 44, 94.38
2026-04-06 01:35:09,0, NVIDIA A800-SXM4-80GB, 96, 76822, 81920, 21, 54, 300.87
2026-04-06 01:35:09,1, NVIDIA A800-SXM4-80GB, 100, 76840, 81920, 11, 47, 281.73
2026-04-06 01:35:14,0, NVIDIA A800-SXM4-80GB, 99, 67504, 81920, 51, 52, 102.24
2026-04-06 01:35:14,1, NVIDIA A800-SXM4-80GB, 96, 67398, 81920, 48, 44, 116.60
2026-04-06 01:35:19,0, NVIDIA A800-SXM4-80GB, 85, 76644, 81920, 18, 49, 172.80
2026-04-06 01:35:19,1, NVIDIA A800-SXM4-80GB, 100, 76662, 81920, 3, 43, 244.51
2026-04-06 01:35:24,0, NVIDIA A800-SXM4-80GB, 77, 74242, 81920, 10, 47, 95.75
2026-04-06 01:35:24,1, NVIDIA A800-SXM4-80GB, 76, 74240, 81920, 60, 40, 86.68
2026-04-06 01:35:29,0, NVIDIA A800-SXM4-80GB, 96, 71980, 81920, 48, 49, 96.97
2026-04-06 01:35:29,1, NVIDIA A800-SXM4-80GB, 96, 71978, 81920, 24, 41, 87.29
2026-04-06 01:35:34,0, NVIDIA A800-SXM4-80GB, 93, 76642, 81920, 13, 47, 143.14
2026-04-06 01:35:34,1, NVIDIA A800-SXM4-80GB, 100, 76660, 81920, 3, 42, 147.65
2026-04-06 01:35:39,0, NVIDIA A800-SXM4-80GB, 84, 76942, 81920, 30, 53, 308.83
2026-04-06 01:35:39,1, NVIDIA A800-SXM4-80GB, 87, 76980, 81920, 14, 46, 295.31
2026-04-06 01:35:44,0, NVIDIA A800-SXM4-80GB, 94, 72082, 81920, 39, 49, 181.44
2026-04-06 01:35:44,1, NVIDIA A800-SXM4-80GB, 89, 72080, 81920, 32, 42, 91.61
2026-04-06 01:35:50,0, NVIDIA A800-SXM4-80GB, 96, 77724, 81920, 36, 51, 225.23
2026-04-06 01:35:50,1, NVIDIA A800-SXM4-80GB, 90, 77722, 81920, 38, 44, 164.26
2026-04-06 01:35:55,0, NVIDIA A800-SXM4-80GB, 99, 72040, 81920, 36, 50, 97.58
2026-04-06 01:35:55,1, NVIDIA A800-SXM4-80GB, 100, 72038, 81920, 13, 43, 89.17
2026-04-06 01:36:00,0, NVIDIA A800-SXM4-80GB, 41, 81102, 81920, 16, 54, 347.32
2026-04-06 01:36:00,1, NVIDIA A800-SXM4-80GB, 53, 81120, 81920, 31, 48, 339.62
2026-04-06 01:36:05,0, NVIDIA A800-SXM4-80GB, 99, 72020, 81920, 20, 50, 99.75
2026-04-06 01:36:05,1, NVIDIA A800-SXM4-80GB, 97, 74358, 81920, 49, 43, 89.17
2026-04-06 01:36:10,0, NVIDIA A800-SXM4-80GB, 88, 71322, 81920, 25, 49, 113.01
2026-04-06 01:36:10,1, NVIDIA A800-SXM4-80GB, 88, 71360, 81920, 26, 43, 110.94
2026-04-06 01:36:15,0, NVIDIA A800-SXM4-80GB, 99, 72464, 81920, 50, 59, 333.17
2026-04-06 01:36:15,1, NVIDIA A800-SXM4-80GB, 99, 72462, 81920, 49, 51, 382.39
2026-04-06 01:36:20,0, NVIDIA A800-SXM4-80GB, 99, 73602, 81920, 11, 50, 98.52
2026-04-06 01:36:20,1, NVIDIA A800-SXM4-80GB, 100, 73600, 81920, 6, 43, 94.38
2026-04-06 01:36:25,0, NVIDIA A800-SXM4-80GB, 100, 60202, 81920, 41, 54, 177.73
2026-04-06 01:36:25,1, NVIDIA A800-SXM4-80GB, 100, 60540, 81920, 42, 47, 201.58
2026-04-06 01:36:31,0, NVIDIA A800-SXM4-80GB, 99, 72500, 81920, 50, 57, 314.70
2026-04-06 01:36:31,1, NVIDIA A800-SXM4-80GB, 99, 72580, 81920, 49, 50, 380.45
2026-04-06 01:36:36,0, NVIDIA A800-SXM4-80GB, 95, 77400, 81920, 39, 57, 368.89
2026-04-06 01:36:36,1, NVIDIA A800-SXM4-80GB, 97, 77440, 81920, 40, 50, 299.95
2026-04-06 01:36:41,0, NVIDIA A800-SXM4-80GB, 100, 72442, 81920, 47, 55, 364.91
2026-04-06 01:36:41,1, NVIDIA A800-SXM4-80GB, 99, 72460, 81920, 50, 50, 328.24
2026-04-06 01:36:46,0, NVIDIA A800-SXM4-80GB, 100, 77720, 81920, 10, 48, 106.85
2026-04-06 01:36:46,1, NVIDIA A800-SXM4-80GB, 100, 74360, 81920, 6, 42, 99.64
2026-04-06 01:36:51,0, NVIDIA A800-SXM4-80GB, 80, 81002, 81920, 30, 56, 323.05
2026-04-06 01:36:51,1, NVIDIA A800-SXM4-80GB, 69, 80920, 81920, 41, 49, 347.91
2026-04-06 01:36:56,0, NVIDIA A800-SXM4-80GB, 82, 80522, 81920, 38, 57, 363.03
2026-04-06 01:36:56,1, NVIDIA A800-SXM4-80GB, 96, 80500, 81920, 37, 50, 360.83
2026-04-06 01:37:01,0, NVIDIA A800-SXM4-80GB, 99, 72000, 81920, 36, 50, 97.25
2026-04-06 01:37:01,1, NVIDIA A800-SXM4-80GB, 98, 72000, 81920, 22, 43, 88.56
2026-04-06 01:37:07,0, NVIDIA A800-SXM4-80GB, 99, 71980, 81920, 5, 49, 96.97
2026-04-06 01:37:07,1, NVIDIA A800-SXM4-80GB, 100, 72000, 81920, 3, 42, 88.56
2026-04-06 01:37:12,0, NVIDIA A800-SXM4-80GB, 100, 76704, 81920, 3, 52, 282.68
2026-04-06 01:37:12,1, NVIDIA A800-SXM4-80GB, 93, 76742, 81920, 5, 46, 262.98
2026-04-06 01:37:17,0, NVIDIA A800-SXM4-80GB, 85, 75244, 81920, 36, 51, 281.74
2026-04-06 01:37:17,1, NVIDIA A800-SXM4-80GB, 84, 75762, 81920, 26, 44, 232.51
2026-04-06 01:37:22,0, NVIDIA A800-SXM4-80GB, 99, 75822, 81920, 14, 53, 302.39
2026-04-06 01:37:22,1, NVIDIA A800-SXM4-80GB, 97, 75862, 81920, 26, 46, 290.69
2026-04-06 01:37:27,0, NVIDIA A800-SXM4-80GB, 100, 74322, 81920, 10, 48, 93.25
2026-04-06 01:37:27,1, NVIDIA A800-SXM4-80GB, 99, 74318, 81920, 15, 41, 84.51
2026-04-06 01:37:32,0, NVIDIA A800-SXM4-80GB, 91, 73340, 81920, 10, 48, 96.03
2026-04-06 01:37:32,1, NVIDIA A800-SXM4-80GB, 100, 73498, 81920, 9, 42, 216.35
2026-04-06 01:37:37,0, NVIDIA A800-SXM4-80GB, 99, 75140, 81920, 52, 54, 335.33
2026-04-06 01:37:37,1, NVIDIA A800-SXM4-80GB, 99, 75158, 81920, 52, 48, 311.34
2026-04-06 01:37:42,0, NVIDIA A800-SXM4-80GB, 88, 73520, 81920, 19, 49, 96.36
2026-04-06 01:37:42,1, NVIDIA A800-SXM4-80GB, 88, 73278, 81920, 15, 42, 133.62
2026-04-06 01:37:47,0, NVIDIA A800-SXM4-80GB, 100, 76642, 81920, 5, 50, 252.12
2026-04-06 01:37:47,1, NVIDIA A800-SXM4-80GB, 100, 76660, 81920, 9, 44, 117.76
2026-04-06 01:37:53,0, NVIDIA A800-SXM4-80GB, 100, 72120, 81920, 53, 50, 120.44
2026-04-06 01:37:53,1, NVIDIA A800-SXM4-80GB, 100, 72060, 81920, 53, 44, 91.61
2026-04-06 01:37:58,0, NVIDIA A800-SXM4-80GB, 100, 75302, 81920, 51, 55, 297.13
2026-04-06 01:37:58,1, NVIDIA A800-SXM4-80GB, 100, 76940, 81920, 51, 44, 101.47
2026-04-06 01:38:03,0, NVIDIA A800-SXM4-80GB, 87, 80562, 81920, 34, 50, 182.66
2026-04-06 01:38:03,1, NVIDIA A800-SXM4-80GB, 88, 70820, 81920, 34, 42, 345.48
2026-04-06 01:38:08,0, NVIDIA A800-SXM4-80GB, 100, 73682, 81920, 52, 52, 281.13
2026-04-06 01:38:08,1, NVIDIA A800-SXM4-80GB, 100, 80680, 81920, 52, 45, 280.51
2026-04-06 01:38:13,0, NVIDIA A800-SXM4-80GB, 100, 33578, 81920, 4, 43, 96.03
2026-04-06 01:38:13,1, NVIDIA A800-SXM4-80GB, 100, 33578, 81920, 4, 38, 89.45
2026-04-06 01:38:18,0, NVIDIA A800-SXM4-80GB, 92, 42326, 81920, 2, 41, 88.32
2026-04-06 01:38:18,1, NVIDIA A800-SXM4-80GB, 100, 42346, 81920, 3, 36, 81.14
2026-04-06 01:38:23,0, NVIDIA A800-SXM4-80GB, 100, 43298, 81920, 42, 61, 392.43
2026-04-06 01:38:23,1, NVIDIA A800-SXM4-80GB, 100, 43298, 81920, 41, 54, 397.26
2026-04-06 01:38:28,0, NVIDIA A800-SXM4-80GB, 100, 43300, 81920, 48, 60, 385.08
2026-04-06 01:38:28,1, NVIDIA A800-SXM4-80GB, 100, 43302, 81920, 49, 54, 378.25
2026-04-06 01:38:33,0, NVIDIA A800-SXM4-80GB, 100, 43302, 81920, 75, 54, 322.99
2026-04-06 01:38:33,1, NVIDIA A800-SXM4-80GB, 100, 43302, 81920, 76, 47, 303.02
2026-04-06 01:38:39,0, NVIDIA A800-SXM4-80GB, 100, 43302, 81920, 76, 44, 210.54
2026-04-06 01:38:39,1, NVIDIA A800-SXM4-80GB, 100, 43302, 81920, 78, 46, 291.95
2026-04-06 01:38:44,0, NVIDIA A800-SXM4-80GB, 0, 43302, 81920, 0, 42, 88.84
2026-04-06 01:38:44,1, NVIDIA A800-SXM4-80GB, 100, 43302, 81920, 83, 45, 286.99
2026-04-06 01:38:49,0, NVIDIA A800-SXM4-80GB, 55, 43302, 81920, 38, 39, 208.66
2026-04-06 01:38:49,1, NVIDIA A800-SXM4-80GB, 20, 43302, 81920, 9, 37, 212.76
2026-04-06 01:38:54,0, NVIDIA A800-SXM4-80GB, 100, 43302, 81920, 70, 52, 336.26
2026-04-06 01:38:54,1, NVIDIA A800-SXM4-80GB, 100, 43304, 81920, 71, 47, 335.92
2026-04-06 01:38:59,0, NVIDIA A800-SXM4-80GB, 100, 43302, 81920, 62, 57, 398.69
2026-04-06 01:38:59,1, NVIDIA A800-SXM4-80GB, 100, 43304, 81920, 63, 51, 382.27
2026-04-06 01:39:04,0, NVIDIA A800-SXM4-80GB, 100, 43302, 81920, 70, 54, 344.28
2026-04-06 01:39:04,1, NVIDIA A800-SXM4-80GB, 100, 43304, 81920, 71, 49, 331.28
2026-04-06 01:39:09,0, NVIDIA A800-SXM4-80GB, 100, 43302, 81920, 78, 52, 310.08
2026-04-06 01:39:09,1, NVIDIA A800-SXM4-80GB, 100, 43304, 81920, 78, 47, 298.38
2026-04-06 01:39:14,0, NVIDIA A800-SXM4-80GB, 100, 43302, 81920, 73, 55, 339.97
2026-04-06 01:39:14,1, NVIDIA A800-SXM4-80GB, 100, 43304, 81920, 72, 49, 327.03
2026-04-06 01:39:19,0, NVIDIA A800-SXM4-80GB, 100, 4698, 81920, 3, 44, 94.80
2026-04-06 01:39:19,1, NVIDIA A800-SXM4-80GB, 100, 4720, 81920, 3, 40, 86.39
2026-04-06 01:39:25,0, NVIDIA A800-SXM4-80GB, 94, 24902, 81920, 39, 55, 302.09
2026-04-06 01:39:25,1, NVIDIA A800-SXM4-80GB, 94, 24922, 81920, 39, 49, 300.23
2026-04-06 01:39:30,0, NVIDIA A800-SXM4-80GB, 95, 26006, 81920, 41, 57, 345.22
2026-04-06 01:39:30,1, NVIDIA A800-SXM4-80GB, 96, 26006, 81920, 38, 50, 424.39
2026-04-06 01:39:35,0, NVIDIA A800-SXM4-80GB, 96, 27806, 81920, 44, 59, 316.57
2026-04-06 01:39:35,1, NVIDIA A800-SXM4-80GB, 97, 27826, 81920, 39, 53, 359.02
2026-04-06 01:39:40,0, NVIDIA A800-SXM4-80GB, 97, 28168, 81920, 39, 60, 311.30
2026-04-06 01:39:40,1, NVIDIA A800-SXM4-80GB, 96, 28168, 81920, 44, 53, 389.73
2026-04-06 01:39:45,0, NVIDIA A800-SXM4-80GB, 96, 28172, 81920, 38, 61, 340.58
2026-04-06 01:39:45,1, NVIDIA A800-SXM4-80GB, 95, 28172, 81920, 41, 53, 321.78
2026-04-06 01:39:50,0, NVIDIA A800-SXM4-80GB, 94, 28172, 81920, 39, 60, 309.49
2026-04-06 01:39:50,1, NVIDIA A800-SXM4-80GB, 94, 28172, 81920, 39, 52, 299.95
2026-04-06 01:39:55,0, NVIDIA A800-SXM4-80GB, 100, 13902, 81920, 2, 48, 98.80
2026-04-06 01:39:55,1, NVIDIA A800-SXM4-80GB, 100, 13924, 81920, 2, 42, 87.90
2026-04-06 01:40:00,0, NVIDIA A800-SXM4-80GB, 94, 73540, 81920, 12, 49, 116.11
2026-04-06 01:40:00,1, NVIDIA A800-SXM4-80GB, 100, 73540, 81920, 10, 43, 95.05
2026-04-06 01:40:05,0, NVIDIA A800-SXM4-80GB, 100, 73960, 81920, 35, 55, 316.85
2026-04-06 01:40:05,1, NVIDIA A800-SXM4-80GB, 99, 73980, 81920, 49, 48, 320.56
2026-04-06 01:40:10,0, NVIDIA A800-SXM4-80GB, 100, 71742, 81920, 21, 55, 303.02
2026-04-06 01:40:10,1, NVIDIA A800-SXM4-80GB, 100, 71922, 81920, 33, 48, 329.79
2026-04-06 01:40:16,0, NVIDIA A800-SXM4-80GB, 100, 76802, 81920, 12, 54, 298.98
2026-04-06 01:40:16,1, NVIDIA A800-SXM4-80GB, 98, 76822, 81920, 15, 46, 239.58
2026-04-06 01:40:21,0, NVIDIA A800-SXM4-80GB, 85, 72040, 81920, 41, 52, 110.84
2026-04-06 01:40:21,1, NVIDIA A800-SXM4-80GB, 85, 72022, 81920, 40, 44, 90.39
2026-04-06 01:40:26,0, NVIDIA A800-SXM4-80GB, 87, 73362, 81920, 19, 49, 114.89
2026-04-06 01:40:26,1, NVIDIA A800-SXM4-80GB, 85, 73382, 81920, 22, 42, 99.64
2026-04-06 01:40:31,0, NVIDIA A800-SXM4-80GB, 97, 75544, 81920, 49, 55, 348.88
2026-04-06 01:40:31,1, NVIDIA A800-SXM4-80GB, 98, 75542, 81920, 42, 48, 343.33
2026-04-06 01:40:36,0, NVIDIA A800-SXM4-80GB, 97, 67604, 81920, 35, 51, 100.97
2026-04-06 01:40:36,1, NVIDIA A800-SXM4-80GB, 97, 67504, 81920, 51, 43, 92.88
2026-04-06 01:40:41,0, NVIDIA A800-SXM4-80GB, 100, 71982, 81920, 3, 47, 95.75
2026-04-06 01:40:41,1, NVIDIA A800-SXM4-80GB, 100, 71982, 81920, 3, 40, 86.39
2026-04-06 01:40:46,0, NVIDIA A800-SXM4-80GB, 98, 76380, 81920, 47, 54, 308.22
2026-04-06 01:40:46,1, NVIDIA A800-SXM4-80GB, 99, 76382, 81920, 51, 48, 332.55
2026-04-06 01:40:51,0, NVIDIA A800-SXM4-80GB, 99, 76760, 81920, 51, 56, 331.95
2026-04-06 01:40:51,1, NVIDIA A800-SXM4-80GB, 99, 76760, 81920, 51, 49, 351.61
2026-04-06 01:40:56,0, NVIDIA A800-SXM4-80GB, 99, 77320, 81920, 50, 57, 307.93
2026-04-06 01:40:56,1, NVIDIA A800-SXM4-80GB, 99, 77320, 81920, 50, 49, 342.39
2026-04-06 01:41:02,0, NVIDIA A800-SXM4-80GB, 99, 78622, 81920, 48, 57, 327.63
2026-04-06 01:41:02,1, NVIDIA A800-SXM4-80GB, 98, 78702, 81920, 49, 49, 301.44
2026-04-06 01:41:07,0, NVIDIA A800-SXM4-80GB, 100, 72802, 81920, 6, 48, 101.57
2026-04-06 01:41:07,1, NVIDIA A800-SXM4-80GB, 73, 76462, 81920, 9, 41, 105.19
2026-04-06 01:41:12,0, NVIDIA A800-SXM4-80GB, 99, 76740, 81920, 21, 49, 100.69
2026-04-06 01:41:12,1, NVIDIA A800-SXM4-80GB, 100, 76760, 81920, 9, 42, 93.77
2026-04-06 01:41:17,0, NVIDIA A800-SXM4-80GB, 80, 81122, 81920, 27, 57, 396.87
2026-04-06 01:41:17,1, NVIDIA A800-SXM4-80GB, 99, 81122, 81920, 50, 51, 385.76
2026-04-06 01:41:22,0, NVIDIA A800-SXM4-80GB, 88, 74360, 81920, 24, 50, 99.14
2026-04-06 01:41:22,1, NVIDIA A800-SXM4-80GB, 89, 74360, 81920, 20, 43, 88.84
2026-04-06 01:41:27,0, NVIDIA A800-SXM4-80GB, 97, 70662, 81920, 16, 50, 100.97
2026-04-06 01:41:27,1, NVIDIA A800-SXM4-80GB, 98, 71022, 81920, 11, 44, 422.66
2026-04-06 01:41:32,0, NVIDIA A800-SXM4-80GB, 99, 81084, 81920, 49, 54, 139.30
2026-04-06 01:41:32,1, NVIDIA A800-SXM4-80GB, 88, 74360, 81920, 22, 46, 91.33
2026-04-06 01:41:37,0, NVIDIA A800-SXM4-80GB, 97, 79904, 81920, 39, 60, 356.89
2026-04-06 01:41:37,1, NVIDIA A800-SXM4-80GB, 97, 80184, 81920, 40, 50, 435.48
2026-04-06 01:41:43,0, NVIDIA A800-SXM4-80GB, 99, 72504, 81920, 50, 59, 376.92
2026-04-06 01:41:43,1, NVIDIA A800-SXM4-80GB, 99, 72524, 81920, 50, 52, 390.40
2026-04-06 01:41:48,0, NVIDIA A800-SXM4-80GB, 99, 72462, 81920, 49, 59, 356.61
2026-04-06 01:41:48,1, NVIDIA A800-SXM4-80GB, 99, 72442, 81920, 49, 53, 335.31
2026-04-06 01:41:53,0, NVIDIA A800-SXM4-80GB, 98, 76922, 81920, 22, 55, 368.62
2026-04-06 01:41:53,1, NVIDIA A800-SXM4-80GB, 100, 76960, 81920, 12, 47, 327.03
2026-04-06 01:41:58,0, NVIDIA A800-SXM4-80GB, 100, 72442, 81920, 49, 58, 396.53
2026-04-06 01:41:58,1, NVIDIA A800-SXM4-80GB, 100, 72442, 81920, 39, 51, 326.37
2026-04-06 01:42:03,0, NVIDIA A800-SXM4-80GB, 93, 76342, 81920, 13, 51, 207.65
2026-04-06 01:42:03,1, NVIDIA A800-SXM4-80GB, 100, 76740, 81920, 5, 45, 141.18
2026-04-06 01:42:08,0, NVIDIA A800-SXM4-80GB, 95, 79722, 81920, 24, 51, 158.61
2026-04-06 01:42:08,1, NVIDIA A800-SXM4-80GB, 100, 79700, 81920, 3, 46, 406.97
2026-04-06 01:42:13,0, NVIDIA A800-SXM4-80GB, 99, 72022, 81920, 48, 54, 101.91
2026-04-06 01:42:13,1, NVIDIA A800-SXM4-80GB, 99, 72040, 81920, 30, 47, 97.48
2026-04-06 01:42:18,0, NVIDIA A800-SXM4-80GB, 100, 80522, 81920, 6, 55, 376.20
2026-04-06 01:42:18,1, NVIDIA A800-SXM4-80GB, 77, 80582, 81920, 16, 50, 380.84
2026-04-06 01:42:23,0, NVIDIA A800-SXM4-80GB, 82, 80502, 81920, 28, 55, 362.39
2026-04-06 01:42:23,1, NVIDIA A800-SXM4-80GB, 89, 80502, 81920, 6, 49, 297.80
2026-04-06 01:42:29,0, NVIDIA A800-SXM4-80GB, 99, 71382, 81920, 41, 53, 105.62
2026-04-06 01:42:29,1, NVIDIA A800-SXM4-80GB, 99, 71980, 81920, 24, 45, 92.22
2026-04-06 01:42:34,0, NVIDIA A800-SXM4-80GB, 99, 70182, 81920, 52, 54, 108.07
2026-04-06 01:42:34,1, NVIDIA A800-SXM4-80GB, 99, 70044, 81920, 52, 46, 94.71
2026-04-06 01:42:39,0, NVIDIA A800-SXM4-80GB, 100, 72002, 81920, 3, 50, 103.46
2026-04-06 01:42:39,1, NVIDIA A800-SXM4-80GB, 100, 71980, 81920, 3, 43, 88.56
2026-04-06 01:42:44,0, NVIDIA A800-SXM4-80GB, 100, 76784, 81920, 3, 54, 324.87
2026-04-06 01:42:44,1, NVIDIA A800-SXM4-80GB, 93, 76804, 81920, 11, 46, 306.69
2026-04-06 01:42:49,0, NVIDIA A800-SXM4-80GB, 99, 80702, 81920, 50, 57, 356.89
2026-04-06 01:42:49,1, NVIDIA A800-SXM4-80GB, 99, 80682, 81920, 50, 49, 293.15
2026-04-06 01:42:54,0, NVIDIA A800-SXM4-80GB, 97, 72000, 81920, 30, 50, 97.58
2026-04-06 01:42:54,1, NVIDIA A800-SXM4-80GB, 97, 72000, 81920, 19, 42, 88.23
2026-04-06 01:42:59,0, NVIDIA A800-SXM4-80GB, 93, 76822, 81920, 11, 53, 318.40
2026-04-06 01:42:59,1, NVIDIA A800-SXM4-80GB, 86, 76822, 81920, 18, 46, 299.95
2026-04-06 01:43:04,0, NVIDIA A800-SXM4-80GB, 100, 75180, 81920, 23, 51, 315.97
2026-04-06 01:43:04,1, NVIDIA A800-SXM4-80GB, 99, 75182, 81920, 26, 45, 296.86
2026-04-06 01:43:10,0, NVIDIA A800-SXM4-80GB, 100, 76702, 81920, 12, 50, 204.68
2026-04-06 01:43:10,1, NVIDIA A800-SXM4-80GB, 98, 76722, 81920, 16, 45, 277.47
2026-04-06 01:43:15,0, NVIDIA A800-SXM4-80GB, 100, 75980, 81920, 53, 50, 107.18
2026-04-06 01:43:15,1, NVIDIA A800-SXM4-80GB, 100, 76080, 81920, 53, 43, 90.06
2026-04-06 01:43:20,0, NVIDIA A800-SXM4-80GB, 97, 70582, 81920, 30, 51, 276.81
2026-04-06 01:43:20,1, NVIDIA A800-SXM4-80GB, 94, 77662, 81920, 28, 44, 279.91
2026-04-06 01:43:25,0, NVIDIA A800-SXM4-80GB, 100, 80922, 81920, 51, 53, 283.90
2026-04-06 01:43:25,1, NVIDIA A800-SXM4-80GB, 100, 73842, 81920, 50, 46, 275.60
2026-04-06 01:43:30,0, NVIDIA A800-SXM4-80GB, 0, 77202, 81920, 0, 46, 90.48
2026-04-06 01:43:30,1, NVIDIA A800-SXM4-80GB, 0, 80502, 81920, 0, 39, 82.96
2026-04-06 01:43:35,0, NVIDIA A800-SXM4-80GB, 100, 74920, 81920, 2, 43, 95.14
2026-04-06 01:43:35,1, NVIDIA A800-SXM4-80GB, 100, 66740, 81920, 2, 38, 87.61
2026-04-06 01:43:40,0, NVIDIA A800-SXM4-80GB, 0, 43464, 81920, 0, 42, 90.15
2026-04-06 01:43:40,1, NVIDIA A800-SXM4-80GB, 0, 17994, 81920, 0, 37, 87.29
2026-04-06 01:43:45,0, NVIDIA A800-SXM4-80GB, 100, 43296, 81920, 39, 60, 391.00
2026-04-06 01:43:45,1, NVIDIA A800-SXM4-80GB, 100, 43460, 81920, 40, 53, 405.95
2026-04-06 01:43:50,0, NVIDIA A800-SXM4-80GB, 100, 43300, 81920, 49, 61, 403.94
2026-04-06 01:43:50,1, NVIDIA A800-SXM4-80GB, 100, 43464, 81920, 49, 53, 384.76
2026-04-06 01:43:55,0, NVIDIA A800-SXM4-80GB, 100, 43300, 81920, 79, 54, 302.09
2026-04-06 01:43:55,1, NVIDIA A800-SXM4-80GB, 100, 43466, 81920, 78, 47, 291.00
2026-04-06 01:44:01,0, NVIDIA A800-SXM4-80GB, 100, 43300, 81920, 83, 52, 297.44
2026-04-06 01:44:01,1, NVIDIA A800-SXM4-80GB, 100, 43466, 81920, 83, 46, 279.95
2026-04-06 01:44:06,0, NVIDIA A800-SXM4-80GB, 100, 43302, 81920, 84, 51, 289.16
2026-04-06 01:44:06,1, NVIDIA A800-SXM4-80GB, 100, 43466, 81920, 84, 46, 287.59
2026-04-06 01:44:11,0, NVIDIA A800-SXM4-80GB, 0, 43302, 81920, 0, 40, 71.34
2026-04-06 01:44:11,1, NVIDIA A800-SXM4-80GB, 0, 43466, 81920, 0, 35, 66.94
2026-04-06 01:44:16,0, NVIDIA A800-SXM4-80GB, 100, 43304, 81920, 83, 54, 337.82
2026-04-06 01:44:16,1, NVIDIA A800-SXM4-80GB, 100, 43466, 81920, 58, 50, 409.46
2026-04-06 01:44:21,0, NVIDIA A800-SXM4-80GB, 100, 43304, 81920, 52, 60, 390.67
2026-04-06 01:44:21,1, NVIDIA A800-SXM4-80GB, 100, 43466, 81920, 53, 54, 391.49
2026-04-06 01:44:26,0, NVIDIA A800-SXM4-80GB, 100, 43304, 81920, 74, 55, 313.15
2026-04-06 01:44:26,1, NVIDIA A800-SXM4-80GB, 100, 43466, 81920, 71, 49, 317.47
2026-04-06 01:44:31,0, NVIDIA A800-SXM4-80GB, 100, 43304, 81920, 76, 54, 314.70
2026-04-06 01:44:31,1, NVIDIA A800-SXM4-80GB, 100, 43466, 81920, 79, 47, 293.77
2026-04-06 01:44:36,0, NVIDIA A800-SXM4-80GB, 100, 43304, 81920, 73, 57, 341.79
2026-04-06 01:44:36,1, NVIDIA A800-SXM4-80GB, 100, 43466, 81920, 70, 50, 330.67
2026-04-06 01:44:42,0, NVIDIA A800-SXM4-80GB, 100, 43304, 81920, 73, 58, 313.19
2026-04-06 01:44:42,1, NVIDIA A800-SXM4-80GB, 100, 43466, 81920, 78, 49, 292.85
2026-04-06 01:44:47,0, NVIDIA A800-SXM4-80GB, 100, 43304, 81920, 83, 55, 300.85
2026-04-06 01:44:47,1, NVIDIA A800-SXM4-80GB, 100, 43466, 81920, 83, 48, 288.86
2026-04-06 01:44:52,0, NVIDIA A800-SXM4-80GB, 92, 24682, 81920, 36, 56, 300.23
2026-04-06 01:44:52,1, NVIDIA A800-SXM4-80GB, 93, 24706, 81920, 35, 50, 275.92
2026-04-06 01:44:57,0, NVIDIA A800-SXM4-80GB, 95, 25666, 81920, 40, 59, 335.65
2026-04-06 01:44:57,1, NVIDIA A800-SXM4-80GB, 95, 25668, 81920, 40, 51, 309.78
2026-04-06 01:45:02,0, NVIDIA A800-SXM4-80GB, 97, 27928, 81920, 39, 62, 338.09
2026-04-06 01:45:02,1, NVIDIA A800-SXM4-80GB, 96, 27930, 81920, 44, 54, 333.77
2026-04-06 01:45:07,0, NVIDIA A800-SXM4-80GB, 97, 28190, 81920, 39, 65, 377.24
2026-04-06 01:45:07,1, NVIDIA A800-SXM4-80GB, 97, 28192, 81920, 39, 56, 369.79
2026-04-06 01:45:12,0, NVIDIA A800-SXM4-80GB, 96, 28192, 81920, 41, 64, 363.69
2026-04-06 01:45:12,1, NVIDIA A800-SXM4-80GB, 96, 28196, 81920, 40, 55, 349.46
2026-04-06 01:45:17,0, NVIDIA A800-SXM4-80GB, 94, 28194, 81920, 39, 63, 317.79
2026-04-06 01:45:17,1, NVIDIA A800-SXM4-80GB, 94, 28196, 81920, 39, 54, 299.02
2026-04-06 01:45:22,0, NVIDIA A800-SXM4-80GB, 100, 2324, 81920, 3, 51, 97.92
2026-04-06 01:45:22,1, NVIDIA A800-SXM4-80GB, 100, 2348, 81920, 3, 44, 87.61
2026-04-06 01:45:27,0, NVIDIA A800-SXM4-80GB, 100, 72020, 81920, 32, 53, 99.75
2026-04-06 01:45:27,1, NVIDIA A800-SXM4-80GB, 100, 72044, 81920, 47, 45, 89.17
2026-04-06 01:45:32,0, NVIDIA A800-SXM4-80GB, 100, 79140, 81920, 12, 50, 112.39
2026-04-06 01:45:32,1, NVIDIA A800-SXM4-80GB, 100, 79144, 81920, 4, 43, 87.90
2026-04-06 01:45:38,0, NVIDIA A800-SXM4-80GB, 89, 80522, 81920, 10, 53, 254.28
2026-04-06 01:45:38,1, NVIDIA A800-SXM4-80GB, 81, 80506, 81920, 26, 46, 279.57
2026-04-06 01:45:43,0, NVIDIA A800-SXM4-80GB, 100, 72040, 81920, 43, 50, 99.14
2026-04-06 01:45:43,1, NVIDIA A800-SXM4-80GB, 80, 74384, 81920, 26, 43, 88.84
2026-04-06 01:45:48,0, NVIDIA A800-SXM4-80GB, 100, 76644, 81920, 3, 49, 153.02
2026-04-06 01:45:48,1, NVIDIA A800-SXM4-80GB, 100, 76666, 81920, 3, 44, 223.22
2026-04-06 01:45:53,0, NVIDIA A800-SXM4-80GB, 99, 75004, 81920, 52, 57, 298.08
2026-04-06 01:45:53,1, NVIDIA A800-SXM4-80GB, 99, 74986, 81920, 52, 48, 311.34
2026-04-06 01:45:58,0, NVIDIA A800-SXM4-80GB, 83, 74286, 81920, 36, 51, 105.62
2026-04-06 01:45:58,1, NVIDIA A800-SXM4-80GB, 87, 73328, 81920, 36, 43, 94.71
2026-04-06 01:46:03,0, NVIDIA A800-SXM4-80GB, 98, 75586, 81920, 45, 55, 356.29
2026-04-06 01:46:03,1, NVIDIA A800-SXM4-80GB, 99, 75626, 81920, 51, 48, 343.93
2026-04-06 01:46:08,0, NVIDIA A800-SXM4-80GB, 99, 77246, 81920, 51, 55, 339.97
2026-04-06 01:46:08,1, NVIDIA A800-SXM4-80GB, 99, 77228, 81920, 51, 47, 97.48
2026-04-06 01:46:13,0, NVIDIA A800-SXM4-80GB, 99, 74882, 81920, 15, 50, 107.46
2026-04-06 01:46:13,1, NVIDIA A800-SXM4-80GB, 87, 75104, 81920, 15, 43, 110.45
2026-04-06 01:46:19,0, NVIDIA A800-SXM4-80GB, 98, 76462, 81920, 25, 55, 353.52
2026-04-06 01:46:19,1, NVIDIA A800-SXM4-80GB, 98, 76484, 81920, 32, 47, 326.08
2026-04-06 01:46:24,0, NVIDIA A800-SXM4-80GB, 99, 76942, 81920, 52, 57, 323.65
2026-04-06 01:46:24,1, NVIDIA A800-SXM4-80GB, 99, 76904, 81920, 51, 49, 305.48
2026-04-06 01:46:29,0, NVIDIA A800-SXM4-80GB, 98, 77864, 81920, 49, 56, 391.00
2026-04-06 01:46:29,1, NVIDIA A800-SXM4-80GB, 97, 77908, 81920, 50, 49, 302.42
2026-04-06 01:46:34,0, NVIDIA A800-SXM4-80GB, 93, 79004, 81920, 21, 53, 129.42
2026-04-06 01:46:34,1, NVIDIA A800-SXM4-80GB, 89, 79066, 81920, 24, 44, 387.91
2026-04-06 01:46:39,0, NVIDIA A800-SXM4-80GB, 100, 76782, 81920, 7, 50, 100.08
2026-04-06 01:46:39,1, NVIDIA A800-SXM4-80GB, 100, 76784, 81920, 3, 43, 101.71
2026-04-06 01:46:44,0, NVIDIA A800-SXM4-80GB, 82, 81104, 81920, 46, 56, 379.41
2026-04-06 01:46:44,1, NVIDIA A800-SXM4-80GB, 79, 81106, 81920, 46, 50, 373.44
2026-04-06 01:46:49,0, NVIDIA A800-SXM4-80GB, 88, 74362, 81920, 45, 50, 97.25
2026-04-06 01:46:49,1, NVIDIA A800-SXM4-80GB, 97, 74364, 81920, 5, 42, 91.33
2026-04-06 01:46:55,0, NVIDIA A800-SXM4-80GB, 100, 72426, 81920, 28, 56, 406.97
2026-04-06 01:46:55,1, NVIDIA A800-SXM4-80GB, 100, 72448, 81920, 25, 48, 307.30
2026-04-06 01:47:00,0, NVIDIA A800-SXM4-80GB, 100, 76884, 81920, 3, 54, 338.09
2026-04-06 01:47:00,1, NVIDIA A800-SXM4-80GB, 89, 76928, 81920, 27, 48, 333.77
2026-04-06 01:47:05,0, NVIDIA A800-SXM4-80GB, 99, 72506, 81920, 50, 57, 390.67
2026-04-06 01:47:05,1, NVIDIA A800-SXM4-80GB, 99, 72568, 81920, 46, 50, 311.34
2026-04-06 01:47:10,0, NVIDIA A800-SXM4-80GB, 99, 79726, 81920, 49, 57, 378.08
2026-04-06 01:47:10,1, NVIDIA A800-SXM4-80GB, 99, 80688, 81920, 50, 48, 357.14
2026-04-06 01:47:15,0, NVIDIA A800-SXM4-80GB, 81, 74360, 81920, 22, 52, 103.74
2026-04-06 01:47:15,1, NVIDIA A800-SXM4-80GB, 80, 74364, 81920, 33, 44, 88.84
2026-04-06 01:47:20,0, NVIDIA A800-SXM4-80GB, 96, 73402, 81920, 39, 54, 108.07
2026-04-06 01:47:20,1, NVIDIA A800-SXM4-80GB, 97, 73404, 81920, 39, 46, 95.93
2026-04-06 01:47:25,0, NVIDIA A800-SXM4-80GB, 99, 72444, 81920, 50, 59, 394.71
2026-04-06 01:47:25,1, NVIDIA A800-SXM4-80GB, 99, 72446, 81920, 49, 52, 371.57
2026-04-06 01:47:30,0, NVIDIA A800-SXM4-80GB, 97, 77382, 81920, 39, 54, 378.74
2026-04-06 01:47:30,1, NVIDIA A800-SXM4-80GB, 97, 77446, 81920, 39, 47, 132.54
2026-04-06 01:47:36,0, NVIDIA A800-SXM4-80GB, 99, 72464, 81920, 49, 59, 334.71
2026-04-06 01:47:36,1, NVIDIA A800-SXM4-80GB, 99, 72526, 81920, 49, 51, 375.59
2026-04-06 01:47:41,0, NVIDIA A800-SXM4-80GB, 96, 71762, 81920, 39, 51, 115.17
2026-04-06 01:47:41,1, NVIDIA A800-SXM4-80GB, 99, 71766, 81920, 15, 44, 98.09
2026-04-06 01:47:46,0, NVIDIA A800-SXM4-80GB, 99, 72062, 81920, 45, 54, 104.07
2026-04-06 01:47:46,1, NVIDIA A800-SXM4-80GB, 98, 72044, 81920, 50, 46, 92.88
2026-04-06 01:47:51,0, NVIDIA A800-SXM4-80GB, 99, 78504, 81920, 52, 59, 380.84
2026-04-06 01:47:51,1, NVIDIA A800-SXM4-80GB, 98, 78546, 81920, 49, 51, 366.36
2026-04-06 01:47:56,0, NVIDIA A800-SXM4-80GB, 98, 77246, 81920, 39, 56, 375.37
2026-04-06 01:47:56,1, NVIDIA A800-SXM4-80GB, 98, 77266, 81920, 25, 50, 351.00
2026-04-06 01:48:01,0, NVIDIA A800-SXM4-80GB, 98, 76684, 81920, 46, 57, 356.61
2026-04-06 01:48:01,1, NVIDIA A800-SXM4-80GB, 99, 76648, 81920, 52, 50, 368.24
2026-04-06 01:48:06,0, NVIDIA A800-SXM4-80GB, 99, 76306, 81920, 51, 57, 324.87
2026-04-06 01:48:06,1, NVIDIA A800-SXM4-80GB, 99, 76326, 81920, 50, 50, 359.02
2026-04-06 01:48:12,0, NVIDIA A800-SXM4-80GB, 98, 72002, 81920, 31, 51, 97.58
2026-04-06 01:48:12,1, NVIDIA A800-SXM4-80GB, 98, 71984, 81920, 6, 43, 94.71
2026-04-06 01:48:17,0, NVIDIA A800-SXM4-80GB, 99, 75722, 81920, 51, 56, 307.33
2026-04-06 01:48:17,1, NVIDIA A800-SXM4-80GB, 96, 75744, 81920, 49, 48, 289.79
2026-04-06 01:48:22,0, NVIDIA A800-SXM4-80GB, 99, 70142, 81920, 51, 49, 116.11
2026-04-06 01:48:22,1, NVIDIA A800-SXM4-80GB, 96, 71984, 81920, 39, 42, 90.39
2026-04-06 01:48:27,0, NVIDIA A800-SXM4-80GB, 82, 76784, 81920, 33, 50, 307.95
2026-04-06 01:48:27,1, NVIDIA A800-SXM4-80GB, 86, 76826, 81920, 15, 43, 299.29
2026-04-06 01:48:32,0, NVIDIA A800-SXM4-80GB, 100, 74382, 81920, 53, 48, 129.42
2026-04-06 01:48:32,1, NVIDIA A800-SXM4-80GB, 85, 74384, 81920, 43, 41, 94.10
2026-04-06 01:48:37,0, NVIDIA A800-SXM4-80GB, 96, 76944, 81920, 49, 51, 265.08
2026-04-06 01:48:37,1, NVIDIA A800-SXM4-80GB, 100, 76886, 81920, 53, 44, 143.14
2026-04-06 01:48:42,0, NVIDIA A800-SXM4-80GB, 100, 71684, 81920, 34, 50, 295.58
2026-04-06 01:48:42,1, NVIDIA A800-SXM4-80GB, 100, 71666, 81920, 48, 45, 280.24
2026-04-06 01:48:47,0, NVIDIA A800-SXM4-80GB, 100, 80864, 81920, 51, 53, 336.60
2026-04-06 01:48:47,1, NVIDIA A800-SXM4-80GB, 100, 80866, 81920, 51, 46, 303.00
2026-04-06 01:48:53,0, NVIDIA A800-SXM4-80GB, 100, 72042, 81920, 11, 46, 94.80
2026-04-06 01:48:53,1, NVIDIA A800-SXM4-80GB, 100, 72024, 81920, 49, 40, 86.39
2026-04-06 01:48:58,0, NVIDIA A800-SXM4-80GB, 100, 80502, 81920, 2, 43, 93.59
2026-04-06 01:48:58,1, NVIDIA A800-SXM4-80GB, 100, 80504, 81920, 2, 38, 86.68
2026-04-06 01:49:03,0, NVIDIA A800-SXM4-80GB, 11, 33580, 81920, 1, 39, 80.27
2026-04-06 01:49:03,1, NVIDIA A800-SXM4-80GB, 15, 33584, 81920, 1, 35, 66.94
2026-04-06 01:49:08,0, NVIDIA A800-SXM4-80GB, 9, 33580, 81920, 0, 38, 86.77
2026-04-06 01:49:08,1, NVIDIA A800-SXM4-80GB, 11, 33584, 81920, 3, 34, 80.52
2026-04-06 01:49:13,0, NVIDIA A800-SXM4-80GB, 0, 33580, 81920, 0, 36, 70.40
2026-04-06 01:49:13,1, NVIDIA A800-SXM4-80GB, 0, 33584, 81920, 0, 33, 66.01
2026-04-06 01:49:18,0, NVIDIA A800-SXM4-80GB, 0, 33580, 81920, 0, 35, 70.07
2026-04-06 01:49:18,1, NVIDIA A800-SXM4-80GB, 0, 33584, 81920, 0, 32, 66.01
2026-04-06 01:49:23,0, NVIDIA A800-SXM4-80GB, 0, 33580, 81920, 0, 35, 70.40
2026-04-06 01:49:23,1, NVIDIA A800-SXM4-80GB, 0, 33584, 81920, 0, 32, 65.72
2026-04-06 01:49:28,0, NVIDIA A800-SXM4-80GB, 0, 33580, 81920, 0, 34, 69.53
2026-04-06 01:49:28,1, NVIDIA A800-SXM4-80GB, 0, 33584, 81920, 0, 31, 65.72
2026-04-06 01:49:33,0, NVIDIA A800-SXM4-80GB, 0, 33580, 81920, 0, 34, 69.18
2026-04-06 01:49:33,1, NVIDIA A800-SXM4-80GB, 0, 33584, 81920, 0, 31, 65.72
2026-04-06 01:49:38,0, NVIDIA A800-SXM4-80GB, 0, 33580, 81920, 0, 33, 69.25
2026-04-06 01:49:38,1, NVIDIA A800-SXM4-80GB, 0, 33584, 81920, 0, 31, 65.72
2026-04-06 01:49:44,0, NVIDIA A800-SXM4-80GB, 0, 33580, 81920, 0, 33, 69.25
2026-04-06 01:49:44,1, NVIDIA A800-SXM4-80GB, 0, 33584, 81920, 0, 30, 65.39
2026-04-06 01:49:49,0, NVIDIA A800-SXM4-80GB, 0, 33580, 81920, 0, 32, 69.45
2026-04-06 01:49:49,1, NVIDIA A800-SXM4-80GB, 0, 33584, 81920, 0, 30, 65.06
2026-04-06 01:49:54,0, NVIDIA A800-SXM4-80GB, 0, 33580, 81920, 0, 32, 68.63
2026-04-06 01:49:54,1, NVIDIA A800-SXM4-80GB, 0, 33584, 81920, 0, 30, 65.06
2026-04-06 01:49:59,0, NVIDIA A800-SXM4-80GB, 20, 32378, 81920, 0, 32, 68.56
2026-04-06 01:49:59,1, NVIDIA A800-SXM4-80GB, 20, 32380, 81920, 0, 30, 65.06
